reaction_id,substrate_smiles,substrate_class,leaving_group,reagent_smiles,reagent_role,solvent_type,temperature_class,mechanism_class
1,CCC(C)(C)I,3°,I,Cl2,radical_source,polar_aprotic,room_temp,other
2,CCCCI,1°,I,Br,acid,polar_aprotic,heat,other
3,CCC(C)Cl,2°,Cl,Br,acid,polar_aprotic,low,other
4,CCCCl,1°,Cl,CO,weak_nucleophile,polar_aprotic,heat,SN2
5,CCC(C)Cl,2°,Cl,Br2,radical_source,non_polar,low,other
6,CCCCI,1°,I,RS-,strong_nucleophile,polar_aprotic,low,SN2
7,CCCCI,1°,I,[OH-],strong_base,polar_aprotic,room_temp,SN2
8,CI,methyl,I,CN-,strong_nucleophile,non_polar,low,SN2
9,CCC(C)(C)I,3°,I,CO,weak_nucleophile,polar_protic,low,SN1
10,CI,methyl,I,CC[O-],strong_base,polar_protic,heat,SN2
11,CCC,alkane,None,Cl2,radical_source,non_polar,heat,radical_substitution
12,CCC(C)(C)Br,3°,Br,I-,strong_nucleophile,non_polar,low,other
13,CCC(C)(C)I,3°,I,Br2,radical_source,polar_aprotic,heat,other
14,CCC(C)(C)Br,3°,Br,Cl2,radical_source,polar_protic,low,other
15,CC(C)(C)Br,3°,Br,RS-,strong_nucleophile,polar_protic,heat,other
16,CCC(C)Cl,2°,Cl,CO,weak_nucleophile,polar_protic,room_temp,SN1
17,CCl,methyl,Cl,Cl2,radical_source,polar_protic,room_temp,other
18,BrC1CCCCC1,2°,Br,RS-,strong_nucleophile,polar_aprotic,low,SN2
19,CC(C)CBr,1°,Br,RS-,strong_nucleophile,polar_aprotic,heat,SN2
20,CI,methyl,I,CC[O-],strong_base,polar_protic,low,SN2
21,CCC(C)(C)Br,3°,Br,I-,strong_nucleophile,polar_aprotic,room_temp,other
22,BrC1CCCCC1,2°,Br,[OH-],strong_base,polar_aprotic,room_temp,other
23,C=CC,alkene,None,Br,acid,non_polar,low,electrophilic_addition
24,CCBr,1°,Br,Br,acid,polar_protic,low,other
25,CBr,methyl,Br,Br2,radical_source,non_polar,low,other
26,CC(C)CBr,1°,Br,CC[O-],strong_base,polar_aprotic,heat,SN2
27,CC(C)I,2°,I,Br,acid,polar_protic,low,other
28,CC(C)Br,2°,Br,[OH-],strong_base,polar_protic,low,other
29,CCC(C)(C)Br,3°,Br,CO,weak_nucleophile,polar_protic,room_temp,SN1
30,CCCCl,1°,Cl,Br2,radical_source,non_polar,low,other
31,CC(C)(C)Cl,3°,Cl,CN-,strong_nucleophile,polar_aprotic,low,other
32,BrC1CCCCC1,2°,Br,Cl,acid,non_polar,low,other
33,CCC(C)Cl,2°,Cl,Br,acid,polar_protic,heat,other
34,CC(C)CBr,1°,Br,CO,weak_nucleophile,polar_protic,low,SN2
35,CBr,methyl,Br,CC[O-],strong_base,polar_aprotic,room_temp,SN2
36,CC(C)(C)Br,3°,Br,Br,acid,non_polar,room_temp,other
37,CBr,methyl,Br,Br,acid,non_polar,heat,other
38,CCCCl,1°,Cl,CN-,strong_nucleophile,polar_aprotic,room_temp,SN2
39,CCCCI,1°,I,CO,weak_nucleophile,polar_protic,room_temp,SN2
40,CC(C)(C)Cl,3°,Cl,Br2,radical_source,non_polar,heat,other
41,CBr,methyl,Br,Br2,radical_source,polar_protic,room_temp,other
42,CC(C)(C)Cl,3°,Cl,CN-,strong_nucleophile,polar_protic,low,other
43,CC(C)(C)Cl,3°,Cl,[OH-],strong_base,polar_protic,room_temp,E2
44,CCC(C)Cl,2°,Cl,[OH-],strong_base,polar_aprotic,room_temp,other
45,CC(C)CBr,1°,Br,CC[O-],strong_base,polar_protic,room_temp,SN2
46,CCl,methyl,Cl,CN-,strong_nucleophile,non_polar,room_temp,SN2
47,C=C(C)C,alkene,None,Br,acid,non_polar,heat,electrophilic_addition
48,CCC(C)(C)Br,3°,Br,CC[O-],strong_base,non_polar,room_temp,E2
49,CC(C)(C)Cl,3°,Cl,CC[O-],strong_base,non_polar,heat,E2
50,BrC1CCCCC1,2°,Br,RS-,strong_nucleophile,non_polar,heat,other
51,CCC(C)Cl,2°,Cl,O,weak_nucleophile,polar_aprotic,heat,other
52,C=CC,alkene,None,Cl2,radical_source,polar_aprotic,low,electrophilic_addition
53,BrC1CCCCC1,2°,Br,I-,strong_nucleophile,polar_protic,room_temp,other
54,CC(C)Br,2°,Br,Br2,radical_source,polar_protic,heat,other
55,CCC(C)(C)Br,3°,Br,Cl2,radical_source,non_polar,heat,other
56,CC(C)(C)Cl,3°,Cl,Br,acid,polar_aprotic,low,other
57,BrC1CCCCC1,2°,Br,O,weak_nucleophile,polar_aprotic,low,other
58,CCCCI,1°,I,Cl,acid,polar_aprotic,low,other
59,CC(C)CBr,1°,Br,O,weak_nucleophile,non_polar,low,SN2
60,CCBr,1°,Br,Cl2,radical_source,polar_aprotic,heat,other
61,CCC(C)(C)I,3°,I,[OH-],strong_base,polar_aprotic,room_temp,E2
62,BrC1CCCCC1,2°,Br,Br2,radical_source,polar_aprotic,room_temp,other
63,C=C,alkene,None,Br2,radical_source,non_polar,low,electrophilic_addition
64,CCCCl,1°,Cl,O,weak_nucleophile,polar_aprotic,heat,SN2
65,CC(C)CBr,1°,Br,O,weak_nucleophile,polar_aprotic,room_temp,SN2
66,CCCCI,1°,I,CN-,strong_nucleophile,polar_aprotic,heat,SN2
67,C=C(C)C,alkene,None,Br2,radical_source,non_polar,low,electrophilic_addition
68,CC(C)Br,2°,Br,CC[O-],strong_base,polar_aprotic,low,other
69,CC(C)(C)Cl,3°,Cl,RS-,strong_nucleophile,polar_protic,room_temp,other
70,BrC1CCCCC1,2°,Br,O,weak_nucleophile,polar_aprotic,heat,other
71,CI,methyl,I,RS-,strong_nucleophile,polar_aprotic,heat,SN2
72,CCl,methyl,Cl,Cl2,radical_source,polar_aprotic,heat,other
73,CCl,methyl,Cl,Br,acid,non_polar,heat,other
74,CC(C)(C)Br,3°,Br,CC[O-],strong_base,non_polar,room_temp,E2
75,CI,methyl,I,[OH-],strong_base,polar_protic,low,SN2
76,CCC(C)(C)Br,3°,Br,Br2,radical_source,polar_aprotic,heat,other
77,CI,methyl,I,Cl,acid,polar_protic,room_temp,other
78,CCBr,1°,Br,Cl,acid,non_polar,low,other
79,CCC(C)(C)Br,3°,Br,[OH-],strong_base,non_polar,low,E2
80,CC(C)(C)Cl,3°,Cl,Cl2,radical_source,non_polar,low,other
81,CI,methyl,I,[OH-],strong_base,polar_protic,room_temp,SN2
82,C=CC,alkene,None,Cl,acid,polar_aprotic,heat,electrophilic_addition
83,CCCCl,1°,Cl,Cl2,radical_source,polar_aprotic,heat,other
84,CC(C)(C)Br,3°,Br,[OH-],strong_base,polar_aprotic,room_temp,E2
85,CBr,methyl,Br,[OH-],strong_base,non_polar,heat,SN2
86,CC(C)Br,2°,Br,Cl,acid,polar_aprotic,heat,other
87,CCCCl,1°,Cl,Cl2,radical_source,polar_aprotic,heat,other
88,CCBr,1°,Br,Cl,acid,polar_protic,room_temp,other
89,CCCCl,1°,Cl,Br,acid,polar_protic,low,other
90,CCCCl,1°,Cl,CO,weak_nucleophile,polar_aprotic,room_temp,SN2
91,CC(C)(C)Cl,3°,Cl,O,weak_nucleophile,polar_protic,heat,E1
92,CC(C)(C)Cl,3°,Cl,Br,acid,polar_aprotic,heat,other
93,CI,methyl,I,CO,weak_nucleophile,polar_protic,heat,SN2
94,CC(C)I,2°,I,I-,strong_nucleophile,non_polar,room_temp,other
95,C=CC,alkene,None,Cl2,radical_source,non_polar,heat,electrophilic_addition
96,CCBr,1°,Br,I-,strong_nucleophile,non_polar,room_temp,SN2
97,BrC1CCCCC1,2°,Br,Cl2,radical_source,polar_aprotic,low,other
98,CCBr,1°,Br,CC[O-],strong_base,polar_protic,room_temp,SN2
99,CI,methyl,I,O,weak_nucleophile,non_polar,low,SN2
100,CC(C)Br,2°,Br,CN-,strong_nucleophile,non_polar,heat,other
101,CC(C)(C)Br,3°,Br,RS-,strong_nucleophile,polar_protic,room_temp,other
102,CC(C)I,2°,I,CN-,strong_nucleophile,polar_protic,room_temp,other
103,CC(C)(C)Cl,3°,Cl,Cl,acid,non_polar,heat,other
104,CC(C)(C)Cl,3°,Cl,[OH-],strong_base,polar_aprotic,heat,E2
105,CC(C)Br,2°,Br,CN-,strong_nucleophile,non_polar,room_temp,other
106,CC(C)(C)Br,3°,Br,RS-,strong_nucleophile,polar_protic,heat,other
107,C=CC,alkene,None,Cl2,radical_source,non_polar,low,electrophilic_addition
108,CC(C)CBr,1°,Br,CC[O-],strong_base,polar_aprotic,low,SN2
109,CC(C)I,2°,I,Br,acid,polar_aprotic,low,other
110,CCC(C)(C)I,3°,I,CC[O-],strong_base,non_polar,low,E2
111,CCBr,1°,Br,Cl,acid,polar_protic,low,other
112,CC(C)(C)Br,3°,Br,CC[O-],strong_base,non_polar,low,E2
113,CBr,methyl,Br,CN-,strong_nucleophile,polar_protic,heat,SN2
114,CCC(C)Cl,2°,Cl,O,weak_nucleophile,polar_protic,room_temp,SN1
115,CCl,methyl,Cl,Br,acid,polar_protic,heat,other
116,CI,methyl,I,CN-,strong_nucleophile,polar_aprotic,heat,SN2
117,CCl,methyl,Cl,CC[O-],strong_base,polar_protic,room_temp,SN2
118,CBr,methyl,Br,CN-,strong_nucleophile,polar_protic,room_temp,SN2
119,CCCCl,1°,Cl,CC[O-],strong_base,polar_aprotic,room_temp,SN2
120,CC(C)Br,2°,Br,Cl,acid,polar_protic,heat,other
121,C=CC,alkene,None,Br2,radical_source,polar_protic,low,electrophilic_addition
122,CCC,alkane,None,Cl2,radical_source,polar_protic,room_temp,radical_substitution
123,CC(C)CBr,1°,Br,CO,weak_nucleophile,non_polar,low,SN2
124,CCC(C)(C)Br,3°,Br,Cl2,radical_source,polar_protic,room_temp,other
125,CC(C)Br,2°,Br,Br2,radical_source,polar_aprotic,heat,other
126,CCCCI,1°,I,CO,weak_nucleophile,non_polar,room_temp,SN2
127,CCBr,1°,Br,Cl2,radical_source,non_polar,room_temp,other
128,C=CC,alkene,None,Cl2,radical_source,polar_aprotic,room_temp,electrophilic_addition
129,CC(C)I,2°,I,Br2,radical_source,polar_aprotic,heat,other
130,CCC(C)Cl,2°,Cl,CN-,strong_nucleophile,polar_protic,heat,other
131,CCC(C)(C)I,3°,I,O,weak_nucleophile,polar_aprotic,room_temp,other
132,CI,methyl,I,RS-,strong_nucleophile,polar_protic,low,SN2
133,CC(C)Br,2°,Br,Cl,acid,polar_protic,heat,other
134,CI,methyl,I,Br2,radical_source,polar_aprotic,room_temp,other
135,CCC(C)Cl,2°,Cl,Br2,radical_source,polar_protic,low,other
136,CCC(C)Cl,2°,Cl,Br,acid,polar_aprotic,low,other
137,CBr,methyl,Br,Br2,radical_source,non_polar,room_temp,other
138,CCC(C)(C)Br,3°,Br,[OH-],strong_base,polar_protic,room_temp,E2
139,CCl,methyl,Cl,CO,weak_nucleophile,non_polar,room_temp,SN2
140,CCl,methyl,Cl,Br2,radical_source,non_polar,room_temp,other
141,CCl,methyl,Cl,Br2,radical_source,polar_protic,room_temp,other
142,CC(C)(C)Br,3°,Br,Br2,radical_source,polar_protic,room_temp,other
143,CCC(C)Cl,2°,Cl,CC[O-],strong_base,polar_protic,heat,E2
144,CC(C)Br,2°,Br,O,weak_nucleophile,polar_aprotic,low,other
145,CCC(C)Cl,2°,Cl,CN-,strong_nucleophile,polar_protic,heat,other
146,CCC(C)(C)Br,3°,Br,O,weak_nucleophile,polar_aprotic,room_temp,other
147,CCC(C)(C)I,3°,I,Cl2,radical_source,polar_protic,low,other
148,CCC(C)Cl,2°,Cl,[OH-],strong_base,non_polar,low,other
149,CCCCl,1°,Cl,CC[O-],strong_base,polar_aprotic,room_temp,SN2
150,CCC(C)(C)I,3°,I,Cl,acid,polar_aprotic,low,other
151,CCCCl,1°,Cl,CO,weak_nucleophile,non_polar,low,SN2
152,CBr,methyl,Br,CN-,strong_nucleophile,non_polar,heat,SN2
153,CC(C)I,2°,I,CC[O-],strong_base,polar_protic,low,other
154,CCCCI,1°,I,RS-,strong_nucleophile,polar_protic,room_temp,SN2
155,CCC(C)Cl,2°,Cl,CO,weak_nucleophile,polar_aprotic,heat,other
156,CI,methyl,I,Cl2,radical_source,polar_aprotic,low,other
157,CC(C)I,2°,I,[OH-],strong_base,polar_protic,heat,E2
158,BrC1CCCCC1,2°,Br,CO,weak_nucleophile,polar_protic,low,SN1
159,C1CCCCC1,alkane,None,Br2,radical_source,polar_protic,heat,radical_substitution
160,CCl,methyl,Cl,I-,strong_nucleophile,polar_protic,low,SN2
161,CC(C)Br,2°,Br,CO,weak_nucleophile,polar_aprotic,room_temp,other
162,CCC(C)(C)Br,3°,Br,Cl2,radical_source,non_polar,low,other
163,CCC(C)(C)I,3°,I,CO,weak_nucleophile,polar_aprotic,room_temp,other
164,CCC(C)(C)I,3°,I,O,weak_nucleophile,polar_protic,low,SN1
165,CI,methyl,I,Cl,acid,non_polar,heat,other
166,CC(C)(C)Cl,3°,Cl,CN-,strong_nucleophile,non_polar,heat,other
167,CCBr,1°,Br,RS-,strong_nucleophile,polar_protic,room_temp,SN2
168,CBr,methyl,Br,CN-,strong_nucleophile,polar_aprotic,low,SN2
169,CI,methyl,I,CC[O-],strong_base,polar_protic,room_temp,SN2
170,CCBr,1°,Br,RS-,strong_nucleophile,non_polar,room_temp,SN2
171,CCC(C)(C)Br,3°,Br,I-,strong_nucleophile,non_polar,heat,other
172,CC(C)CBr,1°,Br,CN-,strong_nucleophile,non_polar,heat,SN2
173,CCC(C)Cl,2°,Cl,O,weak_nucleophile,non_polar,room_temp,other
174,CCC(C)Cl,2°,Cl,Br,acid,polar_aprotic,low,other
175,CC(C)(C)Br,3°,Br,CC[O-],strong_base,polar_aprotic,room_temp,E2
176,CCC(C)(C)I,3°,I,Cl2,radical_source,polar_aprotic,room_temp,other
177,CBr,methyl,Br,RS-,strong_nucleophile,polar_aprotic,room_temp,SN2
178,CCCCI,1°,I,CO,weak_nucleophile,polar_protic,low,SN2
179,CBr,methyl,Br,Br2,radical_source,polar_aprotic,low,other
180,CCBr,1°,Br,O,weak_nucleophile,non_polar,heat,SN2
181,CBr,methyl,Br,Br2,radical_source,polar_protic,heat,other
182,CC(C)Br,2°,Br,Cl,acid,non_polar,low,other
183,CC(C)(C)Cl,3°,Cl,CN-,strong_nucleophile,polar_protic,heat,other
184,CI,methyl,I,Cl,acid,polar_protic,low,other
185,CCCCI,1°,I,Br,acid,non_polar,room_temp,other
186,CC(C)Br,2°,Br,Br,acid,polar_protic,room_temp,other
187,CBr,methyl,Br,CO,weak_nucleophile,polar_aprotic,heat,SN2
188,CCCCl,1°,Cl,Br2,radical_source,polar_aprotic,room_temp,other
189,CCCCI,1°,I,CC[O-],strong_base,polar_aprotic,heat,SN2
190,CC(C)Br,2°,Br,Cl,acid,polar_aprotic,room_temp,other
191,CCC(C)(C)Br,3°,Br,CC[O-],strong_base,polar_aprotic,room_temp,E2
192,CBr,methyl,Br,[OH-],strong_base,polar_aprotic,low,SN2
193,CI,methyl,I,Cl,acid,non_polar,room_temp,other
194,CC(C)I,2°,I,CO,weak_nucleophile,non_polar,low,other
195,CCC,alkane,None,Br2,radical_source,polar_protic,heat,radical_substitution
196,CC(C)Br,2°,Br,Cl,acid,polar_protic,room_temp,other
197,BrC1CCCCC1,2°,Br,CO,weak_nucleophile,polar_protic,room_temp,SN1
198,CCCCl,1°,Cl,CC[O-],strong_base,polar_aprotic,low,SN2
199,CBr,methyl,Br,I-,strong_nucleophile,polar_protic,heat,SN2
200,CCC(C)Cl,2°,Cl,Br,acid,polar_aprotic,room_temp,other
201,BrC1CCCCC1,2°,Br,I-,strong_nucleophile,polar_protic,low,other
202,CC(C)Br,2°,Br,I-,strong_nucleophile,polar_protic,heat,other
203,CCl,methyl,Cl,[OH-],strong_base,non_polar,low,SN2
204,CCCCI,1°,I,O,weak_nucleophile,polar_aprotic,low,SN2
205,C=CC,alkene,None,Cl2,radical_source,polar_protic,low,electrophilic_addition
206,CCBr,1°,Br,Br2,radical_source,polar_aprotic,low,other
207,C=C(C)C,alkene,None,Br2,radical_source,polar_protic,low,electrophilic_addition
208,CCCCI,1°,I,O,weak_nucleophile,polar_aprotic,room_temp,SN2
209,CCBr,1°,Br,Cl2,radical_source,polar_aprotic,low,other
210,CI,methyl,I,RS-,strong_nucleophile,polar_protic,heat,SN2
211,CCC(C)(C)Br,3°,Br,Br,acid,polar_aprotic,heat,other
212,BrC1CCCCC1,2°,Br,Cl,acid,polar_aprotic,heat,other
213,CC(C)(C)Br,3°,Br,Br,acid,polar_protic,heat,other
214,CCBr,1°,Br,CC[O-],strong_base,polar_protic,room_temp,SN2
215,CCC(C)Cl,2°,Cl,Br,acid,non_polar,heat,other
216,C=C,alkene,None,Br,acid,polar_protic,low,electrophilic_addition
217,CC(C)Br,2°,Br,[OH-],strong_base,polar_protic,low,other
218,CC(C)CBr,1°,Br,CO,weak_nucleophile,polar_protic,room_temp,SN2
219,CC(C)CBr,1°,Br,I-,strong_nucleophile,polar_aprotic,heat,SN2
220,CC(C)I,2°,I,RS-,strong_nucleophile,non_polar,room_temp,other
221,CCC(C)(C)I,3°,I,[OH-],strong_base,polar_protic,heat,E2
222,CCBr,1°,Br,CO,weak_nucleophile,polar_aprotic,room_temp,SN2
223,CCC(C)(C)I,3°,I,CO,weak_nucleophile,polar_protic,room_temp,SN1
224,CCC(C)(C)I,3°,I,[OH-],strong_base,polar_aprotic,room_temp,E2
225,CCCCl,1°,Cl,RS-,strong_nucleophile,polar_aprotic,low,SN2
226,C=CC,alkene,None,Cl,acid,non_polar,room_temp,electrophilic_addition
227,CCC,alkane,None,Cl2,radical_source,polar_aprotic,heat,radical_substitution
228,C=C,alkene,None,Cl,acid,non_polar,room_temp,electrophilic_addition
229,CI,methyl,I,O,weak_nucleophile,polar_aprotic,room_temp,SN2
230,CC(C)I,2°,I,I-,strong_nucleophile,polar_protic,heat,other
231,CI,methyl,I,I-,strong_nucleophile,polar_aprotic,room_temp,SN2
232,CCBr,1°,Br,RS-,strong_nucleophile,polar_protic,heat,SN2
233,CCCCI,1°,I,Br,acid,polar_aprotic,room_temp,other
234,CBr,methyl,Br,CN-,strong_nucleophile,polar_protic,low,SN2
235,CI,methyl,I,CN-,strong_nucleophile,polar_aprotic,room_temp,SN2
236,CI,methyl,I,O,weak_nucleophile,polar_aprotic,room_temp,SN2
237,CCC(C)(C)Br,3°,Br,CO,weak_nucleophile,polar_protic,heat,E1
238,BrC1CCCCC1,2°,Br,CN-,strong_nucleophile,polar_aprotic,room_temp,SN2
239,CCC(C)(C)I,3°,I,RS-,strong_nucleophile,polar_protic,low,other
240,CCCCI,1°,I,CN-,strong_nucleophile,polar_aprotic,room_temp,SN2
241,CBr,methyl,Br,I-,strong_nucleophile,non_polar,heat,SN2
242,CC(C)CBr,1°,Br,RS-,strong_nucleophile,polar_aprotic,heat,SN2
243,CCC(C)Cl,2°,Cl,Cl2,radical_source,polar_protic,heat,other
244,CCC(C)(C)I,3°,I,Br2,radical_source,non_polar,room_temp,other
245,CCBr,1°,Br,CC[O-],strong_base,non_polar,heat,SN2
246,CC(C)CBr,1°,Br,CN-,strong_nucleophile,non_polar,heat,SN2
247,CCC(C)(C)I,3°,I,[OH-],strong_base,polar_protic,room_temp,E2
248,CCCCI,1°,I,Cl2,radical_source,polar_aprotic,low,other
249,BrC1CCCCC1,2°,Br,Cl,acid,polar_protic,heat,other
250,CBr,methyl,Br,Cl,acid,polar_aprotic,heat,other
251,CC(C)(C)Br,3°,Br,CO,weak_nucleophile,polar_aprotic,low,other
252,BrC1CCCCC1,2°,Br,CC[O-],strong_base,non_polar,low,other
253,CCCCl,1°,Cl,CN-,strong_nucleophile,polar_protic,room_temp,SN2
254,CCBr,1°,Br,Br,acid,polar_protic,room_temp,other
255,CC(C)(C)Cl,3°,Cl,Cl,acid,polar_aprotic,heat,other
256,CCCCl,1°,Cl,Br2,radical_source,polar_aprotic,heat,other
257,CCCCI,1°,I,Cl,acid,polar_aprotic,heat,other
258,CC(C)CBr,1°,Br,O,weak_nucleophile,polar_protic,low,SN2
259,CCl,methyl,Cl,I-,strong_nucleophile,polar_aprotic,low,SN2
260,CCl,methyl,Cl,CO,weak_nucleophile,polar_aprotic,room_temp,SN2
261,CC(C)(C)Cl,3°,Cl,[OH-],strong_base,polar_aprotic,room_temp,E2
262,CC(C)(C)Br,3°,Br,CO,weak_nucleophile,non_polar,heat,other
263,CC(C)(C)Cl,3°,Cl,[OH-],strong_base,polar_protic,heat,E2
264,CC(C)C,alkane,None,Br2,radical_source,polar_aprotic,room_temp,radical_substitution
265,CC(C)(C)Br,3°,Br,Cl,acid,polar_aprotic,low,other
266,CCCCI,1°,I,CC[O-],strong_base,polar_protic,low,SN2
267,CBr,methyl,Br,Cl,acid,non_polar,low,other
268,CBr,methyl,Br,CN-,strong_nucleophile,polar_aprotic,low,SN2
269,CC(C)CBr,1°,Br,CN-,strong_nucleophile,polar_protic,room_temp,SN2
270,CBr,methyl,Br,CO,weak_nucleophile,non_polar,heat,SN2
271,C=C(C)C,alkene,None,Br2,radical_source,non_polar,low,electrophilic_addition
272,CBr,methyl,Br,Cl,acid,polar_aprotic,room_temp,other
273,BrC1CCCCC1,2°,Br,RS-,strong_nucleophile,polar_protic,heat,other
274,CC(C)(C)Cl,3°,Cl,O,weak_nucleophile,polar_protic,low,SN1
275,CC(C)(C)Br,3°,Br,CO,weak_nucleophile,polar_aprotic,heat,other
276,CCC(C)(C)Br,3°,Br,Cl2,radical_source,polar_aprotic,heat,other
277,CCBr,1°,Br,O,weak_nucleophile,polar_aprotic,low,SN2
278,CCBr,1°,Br,CC[O-],strong_base,non_polar,low,SN2
279,CC(C)I,2°,I,CC[O-],strong_base,polar_protic,room_temp,other
280,CBr,methyl,Br,CN-,strong_nucleophile,polar_aprotic,low,SN2
281,CCl,methyl,Cl,RS-,strong_nucleophile,polar_aprotic,room_temp,SN2
282,C=C,alkene,None,Br,acid,polar_protic,room_temp,electrophilic_addition
283,CCC(C)(C)I,3°,I,CC[O-],strong_base,non_polar,heat,E2
284,CC(C)Br,2°,Br,I-,strong_nucleophile,non_polar,room_temp,other
285,BrC1CCCCC1,2°,Br,I-,strong_nucleophile,polar_protic,low,other
286,C1CCCCC1,alkane,None,Br2,radical_source,non_polar,room_temp,radical_substitution
287,CCCCI,1°,I,CC[O-],strong_base,polar_aprotic,low,SN2
288,CCl,methyl,Cl,CO,weak_nucleophile,polar_protic,low,SN2
289,CCC(C)(C)Br,3°,Br,CN-,strong_nucleophile,polar_aprotic,room_temp,other
290,CC(C)CBr,1°,Br,Br,acid,non_polar,low,other
291,CC(C)I,2°,I,Br2,radical_source,polar_protic,room_temp,other
292,CCCCI,1°,I,CO,weak_nucleophile,polar_protic,low,SN2
293,CCC(C)Cl,2°,Cl,[OH-],strong_base,non_polar,low,other
294,CC(C)(C)Cl,3°,Cl,CO,weak_nucleophile,polar_aprotic,room_temp,other
295,CC(C)(C)Br,3°,Br,Cl2,radical_source,non_polar,room_temp,other
296,CCC(C)(C)I,3°,I,Cl,acid,non_polar,heat,other
297,BrC1CCCCC1,2°,Br,CO,weak_nucleophile,polar_protic,room_temp,SN1
298,CC(C)(C)Cl,3°,Cl,I-,strong_nucleophile,polar_protic,heat,other
299,CC(C)I,2°,I,CO,weak_nucleophile,non_polar,low,other
300,CBr,methyl,Br,CC[O-],strong_base,polar_protic,heat,SN2
301,CC(C)(C)Br,3°,Br,RS-,strong_nucleophile,polar_protic,room_temp,other
302,C=CC,alkene,None,Br2,radical_source,polar_aprotic,room_temp,electrophilic_addition
303,CCCCl,1°,Cl,[OH-],strong_base,polar_protic,room_temp,SN2
304,CC(C)CBr,1°,Br,Cl,acid,polar_aprotic,room_temp,other
305,CCC,alkane,None,Br2,radical_source,polar_protic,room_temp,radical_substitution
306,CBr,methyl,Br,RS-,strong_nucleophile,non_polar,room_temp,SN2
307,C=CC,alkene,None,Br,acid,polar_aprotic,heat,electrophilic_addition
308,CBr,methyl,Br,Cl2,radical_source,non_polar,room_temp,other
309,CC(C)I,2°,I,I-,strong_nucleophile,polar_protic,low,other
310,CCl,methyl,Cl,Br2,radical_source,polar_aprotic,low,other
311,CCC(C)(C)Br,3°,Br,I-,strong_nucleophile,non_polar,heat,other
312,CC(C)(C)Cl,3°,Cl,CC[O-],strong_base,non_polar,heat,E2
313,CCBr,1°,Br,Br2,radical_source,polar_protic,low,other
314,CC(C)Br,2°,Br,CO,weak_nucleophile,polar_aprotic,room_temp,other
315,CCC(C)(C)Br,3°,Br,[OH-],strong_base,polar_protic,heat,E2
316,CCCCI,1°,I,RS-,strong_nucleophile,non_polar,room_temp,SN2
317,CI,methyl,I,Br2,radical_source,polar_aprotic,low,other
318,CC(C)Br,2°,Br,Cl,acid,polar_aprotic,low,other
319,CC(C)I,2°,I,[OH-],strong_base,polar_protic,heat,E2
320,CC(C)(C)Cl,3°,Cl,I-,strong_nucleophile,polar_protic,low,other
321,CC(C)Br,2°,Br,Br2,radical_source,non_polar,low,other
322,BrC1CCCCC1,2°,Br,CC[O-],strong_base,polar_protic,low,other
323,CCC,alkane,None,Br2,radical_source,non_polar,room_temp,radical_substitution
324,CCC(C)(C)Br,3°,Br,Cl,acid,non_polar,heat,other
325,CC(C)I,2°,I,CN-,strong_nucleophile,non_polar,room_temp,other
326,CCC(C)Cl,2°,Cl,I-,strong_nucleophile,polar_aprotic,room_temp,SN2
327,CC(C)(C)Cl,3°,Cl,Br2,radical_source,polar_aprotic,heat,other
328,CCC(C)(C)Br,3°,Br,Br,acid,polar_protic,heat,other
329,CC(C)CBr,1°,Br,O,weak_nucleophile,non_polar,room_temp,SN2
330,CCl,methyl,Cl,I-,strong_nucleophile,non_polar,room_temp,SN2
331,CCC(C)(C)I,3°,I,CN-,strong_nucleophile,polar_aprotic,low,other
332,CCC(C)(C)I,3°,I,Br,acid,polar_aprotic,low,other
333,CBr,methyl,Br,RS-,strong_nucleophile,non_polar,heat,SN2
334,CCC,alkane,None,Br2,radical_source,polar_protic,room_temp,radical_substitution
335,CCC(C)Cl,2°,Cl,Cl,acid,polar_protic,room_temp,other
336,CC(C)CBr,1°,Br,I-,strong_nucleophile,polar_protic,low,SN2
337,CCC(C)Cl,2°,Cl,Cl2,radical_source,polar_protic,heat,other
338,C=C,alkene,None,Cl,acid,polar_aprotic,heat,electrophilic_addition
339,CCBr,1°,Br,Br,acid,non_polar,low,other
340,BrC1CCCCC1,2°,Br,[OH-],strong_base,polar_protic,room_temp,other
341,BrC1CCCCC1,2°,Br,Br2,radical_source,non_polar,room_temp,other
342,BrC1CCCCC1,2°,Br,CN-,strong_nucleophile,polar_aprotic,heat,SN2
343,CC(C)(C)Cl,3°,Cl,Br2,radical_source,polar_protic,heat,other
344,CC(C)(C)Cl,3°,Cl,Br2,radical_source,polar_aprotic,low,other
345,CCCCI,1°,I,Cl2,radical_source,polar_aprotic,heat,other
346,CCCCI,1°,I,Cl,acid,polar_protic,heat,other
347,CCCCl,1°,Cl,O,weak_nucleophile,non_polar,heat,SN2
348,CC(C)(C)Cl,3°,Cl,CC[O-],strong_base,polar_aprotic,low,E2
349,CCC(C)Cl,2°,Cl,[OH-],strong_base,polar_aprotic,room_temp,other
350,CCC(C)Cl,2°,Cl,CC[O-],strong_base,polar_aprotic,room_temp,other
351,CCCCl,1°,Cl,CO,weak_nucleophile,non_polar,low,SN2
352,CCC(C)(C)I,3°,I,Br2,radical_source,polar_protic,heat,other
353,CC(C)I,2°,I,O,weak_nucleophile,polar_protic,room_temp,SN1
354,CC(C)CBr,1°,Br,Cl2,radical_source,non_polar,room_temp,other
355,CCBr,1°,Br,Cl2,radical_source,polar_aprotic,heat,other
356,CC(C)(C)Cl,3°,Cl,Cl,acid,non_polar,low,other
357,CCCCI,1°,I,[OH-],strong_base,polar_protic,room_temp,SN2
358,C=C,alkene,None,Cl,acid,polar_aprotic,low,electrophilic_addition
359,CCCCI,1°,I,CN-,strong_nucleophile,polar_aprotic,heat,SN2
360,CCCCl,1°,Cl,Cl,acid,non_polar,heat,other
361,CCBr,1°,Br,CC[O-],strong_base,polar_aprotic,heat,SN2
362,CI,methyl,I,Cl2,radical_source,non_polar,heat,other
363,CCCCI,1°,I,CO,weak_nucleophile,polar_aprotic,room_temp,SN2
364,CC(C)CBr,1°,Br,Cl2,radical_source,non_polar,heat,other
365,CC(C)(C)Cl,3°,Cl,[OH-],strong_base,polar_protic,low,E2
366,CCC(C)(C)Br,3°,Br,Br2,radical_source,polar_protic,heat,other
367,CCC(C)Cl,2°,Cl,Br2,radical_source,polar_aprotic,low,other
368,CC(C)(C)Br,3°,Br,CC[O-],strong_base,polar_aprotic,room_temp,E2
369,CC(C)CBr,1°,Br,Cl2,radical_source,polar_protic,heat,other
370,CC(C)(C)Cl,3°,Cl,CC[O-],strong_base,non_polar,heat,E2
371,C=C(C)C,alkene,None,Cl,acid,non_polar,low,electrophilic_addition
372,CI,methyl,I,Br2,radical_source,polar_aprotic,heat,other
373,BrC1CCCCC1,2°,Br,Br2,radical_source,polar_protic,low,other
374,CC(C)(C)Br,3°,Br,CN-,strong_nucleophile,polar_protic,heat,other
375,CCC(C)(C)I,3°,I,Br,acid,polar_protic,room_temp,other
376,CCC(C)(C)Br,3°,Br,I-,strong_nucleophile,polar_protic,heat,other
377,CC(C)I,2°,I,Cl,acid,polar_aprotic,low,other
378,CBr,methyl,Br,Cl,acid,non_polar,low,other
379,CC(C)Br,2°,Br,CC[O-],strong_base,polar_protic,low,other
380,CCC(C)(C)Br,3°,Br,CO,weak_nucleophile,polar_protic,room_temp,SN1
381,CC(C)(C)Br,3°,Br,Br,acid,polar_protic,heat,other
382,CCl,methyl,Cl,Cl2,radical_source,polar_protic,low,other
383,CI,methyl,I,CN-,strong_nucleophile,polar_aprotic,room_temp,SN2
384,CCC(C)(C)I,3°,I,CC[O-],strong_base,polar_protic,room_temp,E2
385,CCCCI,1°,I,O,weak_nucleophile,non_polar,room_temp,SN2
386,C=CC,alkene,None,Cl,acid,polar_aprotic,heat,electrophilic_addition
387,CCC(C)(C)Br,3°,Br,[OH-],strong_base,polar_aprotic,low,E2
388,CCC(C)Cl,2°,Cl,Cl,acid,polar_aprotic,heat,other
389,CC(C)Br,2°,Br,Cl,acid,polar_protic,heat,other
390,BrC1CCCCC1,2°,Br,Br,acid,polar_aprotic,low,other
391,CCCCl,1°,Cl,Cl2,radical_source,polar_protic,room_temp,other
392,CCC(C)Cl,2°,Cl,CN-,strong_nucleophile,polar_aprotic,low,SN2
393,CC(C)CBr,1°,Br,[OH-],strong_base,polar_aprotic,heat,SN2
394,CI,methyl,I,Br,acid,polar_protic,heat,other
395,CC(C)I,2°,I,O,weak_nucleophile,non_polar,room_temp,other
396,BrC1CCCCC1,2°,Br,CO,weak_nucleophile,non_polar,heat,other
397,CBr,methyl,Br,Br2,radical_source,polar_aprotic,room_temp,other
398,CCl,methyl,Cl,RS-,strong_nucleophile,polar_protic,low,SN2
399,CCCCl,1°,Cl,Br,acid,polar_aprotic,low,other
400,CBr,methyl,Br,RS-,strong_nucleophile,polar_aprotic,heat,SN2
401,CCBr,1°,Br,CO,weak_nucleophile,polar_protic,heat,SN2
402,CCC(C)Cl,2°,Cl,Cl2,radical_source,polar_protic,heat,other
403,CCCCI,1°,I,CO,weak_nucleophile,polar_aprotic,room_temp,SN2
404,CI,methyl,I,RS-,strong_nucleophile,polar_aprotic,heat,SN2
405,CI,methyl,I,O,weak_nucleophile,polar_protic,low,SN2
406,CBr,methyl,Br,CN-,strong_nucleophile,non_polar,heat,SN2
407,CC(C)CBr,1°,Br,CO,weak_nucleophile,polar_aprotic,heat,SN2
408,CCCCl,1°,Cl,CO,weak_nucleophile,polar_protic,room_temp,SN2
409,C=C(C)C,alkene,None,Br,acid,polar_aprotic,heat,electrophilic_addition
410,C=CC,alkene,None,Br2,radical_source,non_polar,low,electrophilic_addition
411,CCCCI,1°,I,[OH-],strong_base,polar_protic,low,SN2
412,CCCCI,1°,I,CN-,strong_nucleophile,non_polar,low,SN2
413,CC(C)CBr,1°,Br,Br2,radical_source,polar_aprotic,heat,other
414,BrC1CCCCC1,2°,Br,I-,strong_nucleophile,non_polar,heat,other
415,CC(C)(C)Cl,3°,Cl,CC[O-],strong_base,polar_aprotic,room_temp,E2
416,CC(C)I,2°,I,Cl2,radical_source,polar_aprotic,room_temp,other
417,CC(C)(C)Br,3°,Br,[OH-],strong_base,polar_aprotic,room_temp,E2
418,CC(C)I,2°,I,Br2,radical_source,polar_protic,low,other
419,BrC1CCCCC1,2°,Br,[OH-],strong_base,polar_protic,low,other
420,CCl,methyl,Cl,CO,weak_nucleophile,polar_aprotic,heat,SN2
421,CCCCI,1°,I,RS-,strong_nucleophile,non_polar,room_temp,SN2
422,CCl,methyl,Cl,CC[O-],strong_base,polar_protic,room_temp,SN2
423,CCC(C)Cl,2°,Cl,O,weak_nucleophile,non_polar,heat,other
424,CC(C)Br,2°,Br,Br2,radical_source,polar_protic,room_temp,other
425,CCCCl,1°,Cl,CC[O-],strong_base,polar_aprotic,low,SN2
426,CCBr,1°,Br,Br2,radical_source,polar_aprotic,room_temp,other
427,CCBr,1°,Br,Cl,acid,polar_aprotic,low,other
428,CBr,methyl,Br,CC[O-],strong_base,polar_protic,room_temp,SN2
429,BrC1CCCCC1,2°,Br,Cl,acid,polar_protic,heat,other
430,CC(C)(C)Cl,3°,Cl,CO,weak_nucleophile,polar_aprotic,room_temp,other
431,CCC(C)Cl,2°,Cl,[OH-],strong_base,polar_aprotic,room_temp,other
432,CC(C)C,alkane,None,Cl2,radical_source,polar_aprotic,heat,radical_substitution
433,BrC1CCCCC1,2°,Br,O,weak_nucleophile,non_polar,low,other
434,CI,methyl,I,Br2,radical_source,non_polar,low,other
435,CC(C)I,2°,I,I-,strong_nucleophile,polar_aprotic,room_temp,SN2
436,CCl,methyl,Cl,Cl2,radical_source,polar_protic,heat,other
437,CCC(C)(C)I,3°,I,O,weak_nucleophile,non_polar,low,other
438,CC(C)I,2°,I,CC[O-],strong_base,polar_aprotic,low,other
439,CCC(C)(C)I,3°,I,[OH-],strong_base,polar_aprotic,low,E2
440,CC(C)CBr,1°,Br,Cl,acid,polar_aprotic,room_temp,other
441,CCCCI,1°,I,[OH-],strong_base,non_polar,heat,SN2
442,CC(C)(C)Cl,3°,Cl,RS-,strong_nucleophile,polar_aprotic,low,other
443,CI,methyl,I,RS-,strong_nucleophile,polar_protic,heat,SN2
444,CI,methyl,I,CC[O-],strong_base,polar_protic,low,SN2
445,CCC(C)(C)Br,3°,Br,RS-,strong_nucleophile,polar_protic,heat,other
446,CCC(C)(C)I,3°,I,CC[O-],strong_base,polar_protic,heat,E2
447,CCC(C)(C)Br,3°,Br,CC[O-],strong_base,non_polar,low,E2
448,BrC1CCCCC1,2°,Br,[OH-],strong_base,polar_aprotic,heat,E2
449,CCC(C)Cl,2°,Cl,CO,weak_nucleophile,polar_aprotic,low,other
450,CCl,methyl,Cl,[OH-],strong_base,polar_aprotic,room_temp,SN2
451,CI,methyl,I,CN-,strong_nucleophile,polar_protic,room_temp,SN2
452,CCCCI,1°,I,RS-,strong_nucleophile,polar_aprotic,room_temp,SN2
453,CCC(C)(C)Br,3°,Br,RS-,strong_nucleophile,polar_protic,low,other
454,CC(C)Br,2°,Br,O,weak_nucleophile,polar_protic,heat,SN1
455,CC(C)CBr,1°,Br,CO,weak_nucleophile,non_polar,low,SN2
456,CC(C)I,2°,I,I-,strong_nucleophile,non_polar,low,other
457,CBr,methyl,Br,Br2,radical_source,polar_protic,low,other
458,CC(C)Br,2°,Br,O,weak_nucleophile,polar_protic,heat,SN1
459,CC(C)CBr,1°,Br,Br,acid,polar_protic,room_temp,other
460,BrC1CCCCC1,2°,Br,I-,strong_nucleophile,polar_protic,low,other
461,CC(C)Br,2°,Br,Cl2,radical_source,polar_aprotic,heat,other
462,CBr,methyl,Br,RS-,strong_nucleophile,non_polar,low,SN2
463,CCCCI,1°,I,[OH-],strong_base,polar_protic,heat,SN2
464,C=C(C)C,alkene,None,Cl2,radical_source,polar_protic,heat,electrophilic_addition
465,CC(C)(C)Cl,3°,Cl,CO,weak_nucleophile,polar_aprotic,heat,other
466,CC(C)(C)Cl,3°,Cl,Cl,acid,polar_aprotic,room_temp,other
467,CCl,methyl,Cl,Br2,radical_source,polar_aprotic,room_temp,other
468,C=C(C)C,alkene,None,Cl,acid,polar_aprotic,low,electrophilic_addition
469,CCBr,1°,Br,I-,strong_nucleophile,polar_protic,room_temp,SN2
470,CC(C)(C)Cl,3°,Cl,RS-,strong_nucleophile,polar_protic,low,other
471,CI,methyl,I,Br2,radical_source,non_polar,heat,other
472,CC(C)I,2°,I,O,weak_nucleophile,polar_aprotic,heat,other
473,CC(C)Br,2°,Br,CO,weak_nucleophile,polar_protic,low,SN1
474,CCCCI,1°,I,[OH-],strong_base,polar_aprotic,room_temp,SN2
475,CCCCl,1°,Cl,Br2,radical_source,polar_aprotic,room_temp,other
476,CC(C)CBr,1°,Br,Br2,radical_source,polar_protic,low,other
477,CCl,methyl,Cl,Br2,radical_source,polar_aprotic,heat,other
478,CCCCI,1°,I,O,weak_nucleophile,polar_aprotic,room_temp,SN2
479,CCC(C)Cl,2°,Cl,I-,strong_nucleophile,polar_protic,heat,other
480,CI,methyl,I,Cl,acid,polar_protic,low,other
481,CC(C)CBr,1°,Br,CO,weak_nucleophile,polar_protic,room_temp,SN2
482,CC(C)Br,2°,Br,Br,acid,polar_protic,heat,other
483,CCl,methyl,Cl,Br2,radical_source,polar_protic,heat,other
484,CC(C)I,2°,I,Br2,radical_source,polar_protic,low,other
485,CCCCI,1°,I,Br,acid,polar_protic,room_temp,other
486,CCBr,1°,Br,Br2,radical_source,polar_protic,room_temp,other
487,CCBr,1°,Br,[OH-],strong_base,polar_protic,room_temp,SN2
488,CCC(C)Cl,2°,Cl,RS-,strong_nucleophile,polar_aprotic,heat,SN2
489,CCC(C)(C)Br,3°,Br,CN-,strong_nucleophile,polar_protic,heat,other
490,CC(C)(C)Cl,3°,Cl,RS-,strong_nucleophile,polar_aprotic,room_temp,other
491,CI,methyl,I,I-,strong_nucleophile,polar_aprotic,heat,SN2
492,CCC(C)(C)Br,3°,Br,I-,strong_nucleophile,polar_aprotic,room_temp,other
493,C=C,alkene,None,Cl2,radical_source,non_polar,room_temp,electrophilic_addition
494,CCC,alkane,None,Cl2,radical_source,polar_protic,heat,radical_substitution
495,CC(C)(C)Br,3°,Br,RS-,strong_nucleophile,polar_protic,low,other
496,CCBr,1°,Br,I-,strong_nucleophile,polar_aprotic,room_temp,SN2
497,CCC(C)(C)I,3°,I,Cl,acid,polar_aprotic,low,other
498,CCC(C)Cl,2°,Cl,CN-,strong_nucleophile,non_polar,room_temp,other
499,CC(C)CBr,1°,Br,I-,strong_nucleophile,polar_aprotic,heat,SN2
500,CCCCl,1°,Cl,Br,acid,polar_protic,heat,other
501,CI,methyl,I,RS-,strong_nucleophile,polar_aprotic,heat,SN2
502,CI,methyl,I,O,weak_nucleophile,polar_aprotic,low,SN2
503,CC(C)I,2°,I,CO,weak_nucleophile,polar_aprotic,room_temp,other
504,CI,methyl,I,RS-,strong_nucleophile,polar_aprotic,heat,SN2
505,CCC(C)(C)I,3°,I,CN-,strong_nucleophile,polar_protic,room_temp,other
506,CC(C)I,2°,I,[OH-],strong_base,non_polar,low,other
507,CCCCl,1°,Cl,Br,acid,polar_aprotic,heat,other
508,CBr,methyl,Br,Br2,radical_source,polar_aprotic,room_temp,other
509,BrC1CCCCC1,2°,Br,CC[O-],strong_base,polar_protic,heat,E2
510,CCCCl,1°,Cl,RS-,strong_nucleophile,polar_aprotic,low,SN2
511,CBr,methyl,Br,CN-,strong_nucleophile,polar_aprotic,heat,SN2
512,CC(C)(C)Br,3°,Br,CC[O-],strong_base,polar_protic,room_temp,E2
513,CCC(C)(C)I,3°,I,I-,strong_nucleophile,polar_aprotic,low,other
514,CC(C)Br,2°,Br,CN-,strong_nucleophile,polar_protic,heat,other
515,BrC1CCCCC1,2°,Br,Br2,radical_source,polar_aprotic,low,other
516,BrC1CCCCC1,2°,Br,CC[O-],strong_base,polar_protic,room_temp,other
517,CCC(C)(C)I,3°,I,Cl,acid,polar_aprotic,heat,other
518,CCCCl,1°,Cl,Cl,acid,non_polar,low,other
519,CCBr,1°,Br,CC[O-],strong_base,polar_aprotic,room_temp,SN2
520,CC(C)(C)Br,3°,Br,CO,weak_nucleophile,polar_protic,low,SN1
521,CC(C)CBr,1°,Br,Cl,acid,non_polar,room_temp,other
522,CC(C)Br,2°,Br,RS-,strong_nucleophile,polar_aprotic,low,SN2
523,CC(C)(C)Cl,3°,Cl,RS-,strong_nucleophile,polar_protic,low,other
524,CC(C)I,2°,I,I-,strong_nucleophile,non_polar,heat,other
525,CC(C)I,2°,I,CC[O-],strong_base,polar_aprotic,room_temp,other
526,BrC1CCCCC1,2°,Br,O,weak_nucleophile,polar_protic,low,SN1
527,CC(C)(C)Br,3°,Br,I-,strong_nucleophile,polar_protic,low,other
528,CC(C)CBr,1°,Br,O,weak_nucleophile,non_polar,heat,SN2
529,BrC1CCCCC1,2°,Br,[OH-],strong_base,polar_aprotic,heat,E2
530,CCl,methyl,Cl,Cl,acid,polar_aprotic,room_temp,other
531,CBr,methyl,Br,Cl2,radical_source,polar_aprotic,room_temp,other
532,CC(C)(C)Cl,3°,Cl,O,weak_nucleophile,polar_aprotic,low,other
533,CBr,methyl,Br,Cl2,radical_source,polar_aprotic,low,other
534,CCl,methyl,Cl,I-,strong_nucleophile,polar_aprotic,low,SN2
535,CCC,alkane,None,Br2,radical_source,polar_protic,room_temp,radical_substitution
536,CBr,methyl,Br,CN-,strong_nucleophile,polar_aprotic,low,SN2
537,CCC(C)Cl,2°,Cl,CN-,strong_nucleophile,non_polar,heat,other
538,CCCCl,1°,Cl,[OH-],strong_base,polar_aprotic,heat,SN2
539,CI,methyl,I,Br,acid,polar_aprotic,heat,other
540,C=C,alkene,None,Cl2,radical_source,polar_protic,room_temp,electrophilic_addition
541,CC(C)(C)Cl,3°,Cl,O,weak_nucleophile,polar_protic,low,SN1
542,CC(C)I,2°,I,I-,strong_nucleophile,polar_protic,low,other
543,CCC(C)(C)Br,3°,Br,Cl,acid,polar_protic,low,other
544,CBr,methyl,Br,O,weak_nucleophile,polar_protic,low,SN2
545,CCBr,1°,Br,CC[O-],strong_base,polar_protic,heat,SN2
546,CBr,methyl,Br,Br2,radical_source,polar_protic,low,other
547,CCC(C)Cl,2°,Cl,Br2,radical_source,polar_aprotic,room_temp,other
548,CC(C)(C)Cl,3°,Cl,Cl,acid,polar_protic,heat,other
549,CCC(C)Cl,2°,Cl,RS-,strong_nucleophile,polar_protic,heat,other
550,CC(C)Br,2°,Br,CC[O-],strong_base,polar_aprotic,low,other
551,CCCCI,1°,I,CO,weak_nucleophile,polar_protic,room_temp,SN2
552,CCC(C)(C)I,3°,I,Cl,acid,polar_protic,low,other
553,CCC(C)(C)Br,3°,Br,Cl,acid,polar_protic,low,other
554,CCCCI,1°,I,Br,acid,polar_aprotic,heat,other
555,CC(C)CBr,1°,Br,O,weak_nucleophile,polar_aprotic,low,SN2
556,CI,methyl,I,CO,weak_nucleophile,non_polar,low,SN2
557,CCCCl,1°,Cl,Br,acid,polar_aprotic,room_temp,other
558,BrC1CCCCC1,2°,Br,Br2,radical_source,polar_aprotic,heat,other
559,CCC(C)Cl,2°,Cl,Cl,acid,polar_aprotic,low,other
560,C=C(C)C,alkene,None,Br,acid,polar_aprotic,heat,electrophilic_addition
561,C=C,alkene,None,Br2,radical_source,non_polar,room_temp,electrophilic_addition
562,CCCCI,1°,I,I-,strong_nucleophile,polar_aprotic,heat,SN2
563,BrC1CCCCC1,2°,Br,CC[O-],strong_base,polar_aprotic,low,other
564,CC(C)(C)Cl,3°,Cl,RS-,strong_nucleophile,polar_aprotic,heat,other
565,CCl,methyl,Cl,Br2,radical_source,polar_aprotic,heat,other
566,CCl,methyl,Cl,Br2,radical_source,non_polar,heat,other
567,CC(C)(C)Br,3°,Br,Br2,radical_source,polar_protic,low,other
568,CCC(C)(C)I,3°,I,Cl2,radical_source,non_polar,low,other
569,CC(C)(C)Cl,3°,Cl,CC[O-],strong_base,polar_aprotic,low,E2
570,CCC(C)(C)I,3°,I,Br2,radical_source,polar_protic,low,other
571,CBr,methyl,Br,Br,acid,polar_protic,low,other
572,CCCCI,1°,I,I-,strong_nucleophile,non_polar,low,SN2
573,CCCCl,1°,Cl,O,weak_nucleophile,non_polar,heat,SN2
574,BrC1CCCCC1,2°,Br,O,weak_nucleophile,polar_aprotic,room_temp,other
575,CBr,methyl,Br,I-,strong_nucleophile,polar_protic,low,SN2
576,C=C,alkene,None,Br,acid,polar_protic,low,electrophilic_addition
577,CCBr,1°,Br,CN-,strong_nucleophile,polar_protic,low,SN2
578,BrC1CCCCC1,2°,Br,CC[O-],strong_base,polar_protic,low,other
579,CC(C)(C)Br,3°,Br,Cl,acid,non_polar,low,other
580,CCl,methyl,Cl,I-,strong_nucleophile,polar_protic,low,SN2
581,CC(C)Br,2°,Br,CO,weak_nucleophile,non_polar,room_temp,other
582,CC(C)(C)Cl,3°,Cl,[OH-],strong_base,polar_aprotic,low,E2
583,CCCCI,1°,I,CN-,strong_nucleophile,polar_protic,room_temp,SN2
584,CC(C)I,2°,I,Br2,radical_source,polar_aprotic,room_temp,other
585,CC(C)CBr,1°,Br,I-,strong_nucleophile,polar_aprotic,heat,SN2
586,CCC(C)(C)Br,3°,Br,Cl2,radical_source,polar_protic,low,other
587,CCl,methyl,Cl,Cl2,radical_source,non_polar,room_temp,other
588,CCBr,1°,Br,CC[O-],strong_base,non_polar,low,SN2
589,CBr,methyl,Br,Cl2,radical_source,polar_protic,room_temp,other
590,BrC1CCCCC1,2°,Br,CN-,strong_nucleophile,polar_aprotic,low,SN2
591,CI,methyl,I,CN-,strong_nucleophile,polar_protic,low,SN2
592,CI,methyl,I,[OH-],strong_base,non_polar,low,SN2
593,CBr,methyl,Br,[OH-],strong_base,polar_protic,heat,SN2
594,CCC(C)Cl,2°,Cl,Br2,radical_source,non_polar,heat,other
595,CCl,methyl,Cl,Cl2,radical_source,polar_protic,low,other
596,CCl,methyl,Cl,Br,acid,polar_aprotic,low,other
597,CCC(C)(C)I,3°,I,CC[O-],strong_base,polar_protic,heat,E2
598,CC(C)(C)Cl,3°,Cl,CN-,strong_nucleophile,polar_protic,low,other
599,CI,methyl,I,Cl,acid,polar_protic,heat,other
600,CCC(C)(C)Br,3°,Br,CO,weak_nucleophile,polar_protic,heat,E1
601,CBr,methyl,Br,CN-,strong_nucleophile,polar_aprotic,heat,SN2
602,CC(C)I,2°,I,Cl,acid,polar_aprotic,low,other
603,BrC1CCCCC1,2°,Br,RS-,strong_nucleophile,non_polar,heat,other
604,CC(C)(C)Br,3°,Br,Cl2,radical_source,non_polar,heat,other
605,CCBr,1°,Br,CN-,strong_nucleophile,polar_aprotic,heat,SN2
606,CCl,methyl,Cl,[OH-],strong_base,non_polar,low,SN2
607,CCCCl,1°,Cl,Br2,radical_source,polar_aprotic,room_temp,other
608,CC(C)Br,2°,Br,Br,acid,non_polar,heat,other
609,CCBr,1°,Br,CO,weak_nucleophile,polar_protic,heat,SN2
610,CCCCl,1°,Cl,[OH-],strong_base,polar_protic,room_temp,SN2
611,CBr,methyl,Br,I-,strong_nucleophile,polar_protic,low,SN2
612,CCC(C)(C)Br,3°,Br,O,weak_nucleophile,non_polar,room_temp,other
613,CC(C)CBr,1°,Br,CO,weak_nucleophile,polar_protic,heat,SN2
614,BrC1CCCCC1,2°,Br,CC[O-],strong_base,non_polar,room_temp,other
615,CBr,methyl,Br,CC[O-],strong_base,polar_protic,heat,SN2
616,BrC1CCCCC1,2°,Br,Cl,acid,polar_aprotic,low,other
617,CC(C)I,2°,I,CN-,strong_nucleophile,non_polar,heat,other
618,CC(C)CBr,1°,Br,Br,acid,non_polar,room_temp,other
619,CC(C)(C)Cl,3°,Cl,Br,acid,polar_aprotic,heat,other
620,CI,methyl,I,Br,acid,polar_protic,low,other
621,CBr,methyl,Br,CO,weak_nucleophile,polar_aprotic,heat,SN2
622,CCl,methyl,Cl,Br2,radical_source,polar_protic,heat,other
623,CI,methyl,I,Br2,radical_source,polar_protic,heat,other
624,CC(C)CBr,1°,Br,O,weak_nucleophile,polar_protic,heat,SN2
625,CC(C)I,2°,I,RS-,strong_nucleophile,polar_protic,low,other
626,CC(C)I,2°,I,Cl2,radical_source,non_polar,low,other
627,CCl,methyl,Cl,CC[O-],strong_base,non_polar,low,SN2
628,CCCCI,1°,I,CO,weak_nucleophile,polar_protic,heat,SN2
629,CC(C)(C)Br,3°,Br,Cl2,radical_source,polar_aprotic,room_temp,other
630,CC(C)C,alkane,None,Br2,radical_source,polar_protic,heat,radical_substitution
631,CC(C)I,2°,I,RS-,strong_nucleophile,polar_aprotic,room_temp,SN2
632,CC(C)(C)Br,3°,Br,I-,strong_nucleophile,polar_protic,heat,other
633,CCC(C)(C)Br,3°,Br,Br2,radical_source,polar_aprotic,heat,other
634,CC(C)(C)Br,3°,Br,Cl,acid,non_polar,room_temp,other
635,CCCCl,1°,Cl,[OH-],strong_base,polar_protic,room_temp,SN2
636,CCCCl,1°,Cl,CO,weak_nucleophile,polar_aprotic,heat,SN2
637,BrC1CCCCC1,2°,Br,[OH-],strong_base,non_polar,low,other
638,CCCCl,1°,Cl,I-,strong_nucleophile,polar_protic,heat,SN2
639,BrC1CCCCC1,2°,Br,CO,weak_nucleophile,polar_protic,heat,SN1
640,CBr,methyl,Br,Br2,radical_source,polar_protic,low,other
641,CCC(C)(C)Br,3°,Br,CN-,strong_nucleophile,polar_protic,low,other
642,BrC1CCCCC1,2°,Br,Cl,acid,polar_protic,room_temp,other
643,CC(C)CBr,1°,Br,CO,weak_nucleophile,polar_protic,room_temp,SN2
644,C1CCCCC1,alkane,None,Br2,radical_source,non_polar,heat,radical_substitution
645,CC(C)Br,2°,Br,Br2,radical_source,polar_aprotic,low,other
646,CCC(C)Cl,2°,Cl,Cl2,radical_source,polar_aprotic,low,other
647,CC(C)I,2°,I,CC[O-],strong_base,polar_aprotic,room_temp,other
648,CBr,methyl,Br,I-,strong_nucleophile,non_polar,heat,SN2
649,C=C,alkene,None,Cl2,radical_source,non_polar,heat,electrophilic_addition
650,CCCCI,1°,I,O,weak_nucleophile,polar_protic,heat,SN2
651,CCBr,1°,Br,RS-,strong_nucleophile,non_polar,heat,SN2
652,CCC(C)(C)Br,3°,Br,Br2,radical_source,polar_aprotic,room_temp,other
653,CC(C)(C)Cl,3°,Cl,[OH-],strong_base,polar_aprotic,low,E2
654,CC(C)(C)Cl,3°,Cl,Cl2,radical_source,polar_aprotic,room_temp,other
655,CI,methyl,I,CO,weak_nucleophile,polar_aprotic,low,SN2
656,BrC1CCCCC1,2°,Br,Cl2,radical_source,polar_aprotic,room_temp,other
657,CC(C)(C)Br,3°,Br,CN-,strong_nucleophile,polar_protic,low,other
658,CCC(C)(C)Br,3°,Br,Br2,radical_source,non_polar,heat,other
659,CC(C)I,2°,I,RS-,strong_nucleophile,polar_protic,heat,other
660,CCC(C)(C)I,3°,I,CN-,strong_nucleophile,non_polar,heat,other
661,CC(C)CBr,1°,Br,Br,acid,polar_protic,heat,other
662,CC(C)I,2°,I,[OH-],strong_base,polar_aprotic,heat,E2
663,CC(C)Br,2°,Br,I-,strong_nucleophile,polar_aprotic,heat,SN2
664,CBr,methyl,Br,Br2,radical_source,polar_aprotic,heat,other
665,CC(C)(C)Br,3°,Br,CC[O-],strong_base,polar_aprotic,heat,E2
666,CCC(C)Cl,2°,Cl,CO,weak_nucleophile,polar_protic,heat,SN1
667,CCC(C)(C)Br,3°,Br,Cl,acid,non_polar,low,other
668,CCC(C)(C)Br,3°,Br,I-,strong_nucleophile,non_polar,room_temp,other
669,C=CC,alkene,None,Br,acid,polar_aprotic,room_temp,electrophilic_addition
670,CC(C)I,2°,I,RS-,strong_nucleophile,polar_aprotic,low,SN2
671,BrC1CCCCC1,2°,Br,Br2,radical_source,polar_aprotic,low,other
672,CCC(C)(C)Br,3°,Br,RS-,strong_nucleophile,polar_aprotic,heat,other
673,CCCCI,1°,I,[OH-],strong_base,polar_aprotic,heat,SN2
674,CCC(C)(C)Br,3°,Br,O,weak_nucleophile,polar_protic,room_temp,SN1
675,C=C(C)C,alkene,None,Cl2,radical_source,polar_protic,room_temp,electrophilic_addition
676,BrC1CCCCC1,2°,Br,O,weak_nucleophile,polar_aprotic,heat,other
677,CCC(C)(C)Br,3°,Br,CC[O-],strong_base,polar_aprotic,heat,E2
678,CCCCl,1°,Cl,CO,weak_nucleophile,non_polar,room_temp,SN2
679,C=CC,alkene,None,Cl2,radical_source,polar_aprotic,low,electrophilic_addition
680,CCCCl,1°,Cl,RS-,strong_nucleophile,polar_aprotic,room_temp,SN2
681,CCC(C)Cl,2°,Cl,O,weak_nucleophile,non_polar,low,other
682,CCCCI,1°,I,CN-,strong_nucleophile,non_polar,room_temp,SN2
683,CI,methyl,I,[OH-],strong_base,polar_protic,low,SN2
684,CCCCI,1°,I,RS-,strong_nucleophile,polar_protic,low,SN2
685,CC(C)I,2°,I,O,weak_nucleophile,polar_protic,room_temp,SN1
686,CCC(C)(C)I,3°,I,Cl2,radical_source,non_polar,low,other
687,CC(C)CBr,1°,Br,CO,weak_nucleophile,polar_protic,heat,SN2
688,CC(C)CBr,1°,Br,CC[O-],strong_base,non_polar,low,SN2
689,CC(C)CBr,1°,Br,O,weak_nucleophile,polar_protic,low,SN2
690,CCC(C)(C)I,3°,I,[OH-],strong_base,polar_aprotic,low,E2
691,CCC(C)(C)Br,3°,Br,Br2,radical_source,polar_aprotic,low,other
692,CC(C)(C)Br,3°,Br,Cl2,radical_source,polar_protic,room_temp,other
693,CCC(C)(C)Br,3°,Br,Br2,radical_source,polar_protic,room_temp,other
694,CBr,methyl,Br,[OH-],strong_base,polar_protic,heat,SN2
695,CCC(C)(C)Br,3°,Br,[OH-],strong_base,polar_aprotic,room_temp,E2
696,BrC1CCCCC1,2°,Br,Cl2,radical_source,non_polar,heat,other
697,CC(C)Br,2°,Br,RS-,strong_nucleophile,polar_protic,heat,other
698,CCC(C)(C)Br,3°,Br,Cl2,radical_source,polar_protic,heat,other
699,CC(C)CBr,1°,Br,Br,acid,polar_protic,low,other
700,CC(C)CBr,1°,Br,CN-,strong_nucleophile,polar_protic,room_temp,SN2
701,CCCCI,1°,I,Br2,radical_source,polar_protic,heat,other
702,CC(C)(C)Cl,3°,Cl,[OH-],strong_base,polar_protic,room_temp,E2
703,CCC,alkane,None,Br2,radical_source,polar_aprotic,room_temp,radical_substitution
704,CC(C)I,2°,I,Br,acid,polar_protic,heat,other
705,CI,methyl,I,[OH-],strong_base,polar_aprotic,low,SN2
706,C=CC,alkene,None,Cl,acid,polar_aprotic,low,electrophilic_addition
707,CC(C)(C)Br,3°,Br,[OH-],strong_base,non_polar,low,E2
708,CCC(C)(C)I,3°,I,Br2,radical_source,polar_protic,low,other
709,C=CC,alkene,None,Cl,acid,polar_aprotic,room_temp,electrophilic_addition
710,CC(C)I,2°,I,CN-,strong_nucleophile,polar_aprotic,room_temp,SN2
711,CC(C)(C)Cl,3°,Cl,CC[O-],strong_base,polar_aprotic,heat,E2
712,CCC(C)(C)I,3°,I,CO,weak_nucleophile,non_polar,room_temp,other
713,CCCCI,1°,I,[OH-],strong_base,non_polar,room_temp,SN2
714,CBr,methyl,Br,I-,strong_nucleophile,polar_protic,low,SN2
715,CC(C)CBr,1°,Br,Br,acid,polar_aprotic,heat,other
716,CCCCI,1°,I,[OH-],strong_base,non_polar,heat,SN2
717,CC(C)Br,2°,Br,I-,strong_nucleophile,polar_protic,heat,other
718,CCC(C)(C)Br,3°,Br,[OH-],strong_base,polar_protic,low,E2
719,CC(C)(C)Cl,3°,Cl,Cl2,radical_source,polar_protic,low,other
720,CCC(C)(C)Br,3°,Br,[OH-],strong_base,non_polar,low,E2
721,BrC1CCCCC1,2°,Br,CN-,strong_nucleophile,polar_aprotic,low,SN2
722,CC(C)I,2°,I,CC[O-],strong_base,polar_protic,low,other
723,CC(C)Br,2°,Br,RS-,strong_nucleophile,polar_protic,heat,other
724,CBr,methyl,Br,CN-,strong_nucleophile,non_polar,heat,SN2
725,CCCCI,1°,I,CN-,strong_nucleophile,polar_aprotic,heat,SN2
726,CCC(C)(C)I,3°,I,CN-,strong_nucleophile,polar_aprotic,room_temp,other
727,CCl,methyl,Cl,[OH-],strong_base,polar_protic,heat,SN2
728,CCC(C)(C)I,3°,I,CN-,strong_nucleophile,non_polar,low,other
729,CCC(C)(C)I,3°,I,Cl,acid,polar_protic,low,other
730,CBr,methyl,Br,Cl2,radical_source,polar_aprotic,low,other
731,CC(C)Br,2°,Br,Br,acid,polar_protic,heat,other
732,CI,methyl,I,[OH-],strong_base,polar_aprotic,heat,SN2
733,CC(C)(C)Br,3°,Br,RS-,strong_nucleophile,polar_aprotic,room_temp,other
734,C=CC,alkene,None,Cl,acid,polar_protic,low,electrophilic_addition
735,BrC1CCCCC1,2°,Br,Cl2,radical_source,polar_aprotic,heat,other
736,C1CCCCC1,alkane,None,Br2,radical_source,polar_protic,room_temp,radical_substitution
737,CC(C)(C)Br,3°,Br,Cl2,radical_source,non_polar,room_temp,other
738,C1CCCCC1,alkane,None,Br2,radical_source,polar_aprotic,room_temp,radical_substitution
739,CC(C)CBr,1°,Br,CN-,strong_nucleophile,polar_protic,room_temp,SN2
740,CCC(C)(C)I,3°,I,Br2,radical_source,polar_aprotic,low,other
741,CCC(C)Cl,2°,Cl,CC[O-],strong_base,polar_aprotic,room_temp,other
742,CCC(C)(C)I,3°,I,Cl,acid,polar_aprotic,low,other
743,C=C,alkene,None,Cl,acid,polar_aprotic,room_temp,electrophilic_addition
744,CC(C)CBr,1°,Br,RS-,strong_nucleophile,polar_aprotic,heat,SN2
745,BrC1CCCCC1,2°,Br,CN-,strong_nucleophile,polar_aprotic,room_temp,SN2
746,BrC1CCCCC1,2°,Br,CC[O-],strong_base,polar_protic,heat,E2
747,CI,methyl,I,CN-,strong_nucleophile,polar_aprotic,low,SN2
748,BrC1CCCCC1,2°,Br,I-,strong_nucleophile,polar_protic,heat,other
749,CCCCl,1°,Cl,Cl2,radical_source,polar_protic,room_temp,other
750,CI,methyl,I,[OH-],strong_base,polar_protic,heat,SN2
751,CCCCl,1°,Cl,RS-,strong_nucleophile,non_polar,heat,SN2
752,CBr,methyl,Br,RS-,strong_nucleophile,polar_protic,heat,SN2
753,CI,methyl,I,CN-,strong_nucleophile,non_polar,room_temp,SN2
754,CCBr,1°,Br,RS-,strong_nucleophile,polar_aprotic,heat,SN2
755,CCBr,1°,Br,O,weak_nucleophile,polar_protic,heat,SN2
756,BrC1CCCCC1,2°,Br,Cl2,radical_source,polar_aprotic,low,other
757,BrC1CCCCC1,2°,Br,I-,strong_nucleophile,polar_aprotic,heat,SN2
758,CCC(C)Cl,2°,Cl,CC[O-],strong_base,non_polar,heat,E2
759,CBr,methyl,Br,Cl2,radical_source,polar_aprotic,room_temp,other
760,CCC(C)Cl,2°,Cl,CO,weak_nucleophile,polar_aprotic,heat,other
761,CCC(C)Cl,2°,Cl,CC[O-],strong_base,polar_aprotic,heat,E2
762,CC(C)(C)Br,3°,Br,I-,strong_nucleophile,polar_protic,room_temp,other
763,C=CC,alkene,None,Cl2,radical_source,polar_protic,room_temp,electrophilic_addition
764,CI,methyl,I,I-,strong_nucleophile,non_polar,room_temp,SN2
765,CCC(C)Cl,2°,Cl,CC[O-],strong_base,non_polar,low,other
766,CC(C)Br,2°,Br,CN-,strong_nucleophile,polar_protic,room_temp,other
767,CC(C)Br,2°,Br,RS-,strong_nucleophile,non_polar,low,other
768,CCBr,1°,Br,RS-,strong_nucleophile,polar_protic,room_temp,SN2
769,CI,methyl,I,Br2,radical_source,polar_aprotic,room_temp,other
770,CC(C)CBr,1°,Br,Cl,acid,polar_aprotic,heat,other
771,CCCCI,1°,I,O,weak_nucleophile,polar_aprotic,heat,SN2
772,CCBr,1°,Br,I-,strong_nucleophile,polar_aprotic,room_temp,SN2
773,CC(C)I,2°,I,[OH-],strong_base,polar_aprotic,heat,E2
774,CCl,methyl,Cl,Cl2,radical_source,non_polar,heat,other
775,CCCCI,1°,I,[OH-],strong_base,non_polar,low,SN2
776,CI,methyl,I,[OH-],strong_base,polar_aprotic,heat,SN2
777,CC(C)Br,2°,Br,CC[O-],strong_base,polar_aprotic,heat,E2
778,CC(C)(C)Cl,3°,Cl,CO,weak_nucleophile,non_polar,low,other
779,CCBr,1°,Br,I-,strong_nucleophile,polar_protic,low,SN2
780,BrC1CCCCC1,2°,Br,Br,acid,polar_aprotic,room_temp,other
781,C=C,alkene,None,Br2,radical_source,polar_aprotic,low,electrophilic_addition
782,CCBr,1°,Br,Br2,radical_source,polar_protic,heat,other
783,CC(C)Br,2°,Br,RS-,strong_nucleophile,polar_protic,low,other
784,CCCCI,1°,I,I-,strong_nucleophile,polar_protic,room_temp,SN2
785,CCC(C)Cl,2°,Cl,RS-,strong_nucleophile,non_polar,low,other
786,CBr,methyl,Br,Br,acid,non_polar,low,other
787,CCC(C)(C)Br,3°,Br,Cl,acid,polar_protic,low,other
788,CC(C)(C)Br,3°,Br,Br2,radical_source,polar_aprotic,low,other
789,CBr,methyl,Br,I-,strong_nucleophile,polar_aprotic,low,SN2
790,CC(C)I,2°,I,Cl,acid,polar_aprotic,heat,other
791,CCC(C)(C)I,3°,I,Cl,acid,polar_protic,low,other
792,CCl,methyl,Cl,Br2,radical_source,polar_aprotic,low,other
793,CCBr,1°,Br,RS-,strong_nucleophile,polar_protic,room_temp,SN2
794,CCC(C)Cl,2°,Cl,[OH-],strong_base,polar_protic,low,other
795,BrC1CCCCC1,2°,Br,CO,weak_nucleophile,non_polar,heat,other
796,CCl,methyl,Cl,RS-,strong_nucleophile,polar_protic,room_temp,SN2
797,CCC(C)(C)I,3°,I,CC[O-],strong_base,polar_aprotic,heat,E2
798,CCBr,1°,Br,Cl2,radical_source,polar_aprotic,low,other
799,CCl,methyl,Cl,RS-,strong_nucleophile,non_polar,low,SN2
800,CC(C)CBr,1°,Br,RS-,strong_nucleophile,polar_aprotic,low,SN2
801,CC(C)CBr,1°,Br,Cl2,radical_source,polar_protic,heat,other
802,CC(C)(C)Cl,3°,Cl,O,weak_nucleophile,polar_aprotic,room_temp,other
803,CC(C)CBr,1°,Br,CO,weak_nucleophile,non_polar,low,SN2
804,CBr,methyl,Br,[OH-],strong_base,non_polar,room_temp,SN2
805,CC(C)I,2°,I,O,weak_nucleophile,non_polar,low,other
806,CCC(C)Cl,2°,Cl,CN-,strong_nucleophile,polar_aprotic,heat,SN2
807,CCl,methyl,Cl,RS-,strong_nucleophile,polar_protic,heat,SN2
808,CCC,alkane,None,Cl2,radical_source,polar_protic,heat,radical_substitution
809,C=C(C)C,alkene,None,Br,acid,polar_protic,low,electrophilic_addition
810,CC(C)Br,2°,Br,Br,acid,polar_protic,heat,other
811,CCBr,1°,Br,Cl,acid,non_polar,low,other
812,CC(C)(C)Cl,3°,Cl,I-,strong_nucleophile,polar_protic,room_temp,other
813,CCCCI,1°,I,I-,strong_nucleophile,non_polar,room_temp,SN2
814,CCC(C)Cl,2°,Cl,Br,acid,non_polar,room_temp,other
815,CCl,methyl,Cl,Br2,radical_source,polar_protic,low,other
816,CC(C)Br,2°,Br,Br,acid,polar_aprotic,low,other
817,CCC(C)(C)I,3°,I,Cl,acid,polar_protic,room_temp,other
818,CBr,methyl,Br,O,weak_nucleophile,polar_aprotic,room_temp,SN2
819,CC(C)(C)Br,3°,Br,O,weak_nucleophile,non_polar,low,other
820,CI,methyl,I,I-,strong_nucleophile,polar_protic,low,SN2
821,CC(C)(C)Br,3°,Br,Br2,radical_source,polar_aprotic,room_temp,other
822,CC(C)(C)Br,3°,Br,Br,acid,polar_protic,room_temp,other
823,CC(C)CBr,1°,Br,RS-,strong_nucleophile,polar_aprotic,heat,SN2
824,CCCCI,1°,I,[OH-],strong_base,polar_protic,room_temp,SN2
825,CC(C)(C)Cl,3°,Cl,CN-,strong_nucleophile,non_polar,low,other
826,CBr,methyl,Br,CN-,strong_nucleophile,polar_protic,room_temp,SN2
827,CI,methyl,I,CO,weak_nucleophile,polar_aprotic,low,SN2
828,CCCCI,1°,I,CN-,strong_nucleophile,polar_aprotic,room_temp,SN2
829,BrC1CCCCC1,2°,Br,CN-,strong_nucleophile,polar_aprotic,heat,SN2
830,CI,methyl,I,Br,acid,polar_aprotic,heat,other
831,CCCCl,1°,Cl,RS-,strong_nucleophile,polar_aprotic,heat,SN2
832,CC(C)(C)Cl,3°,Cl,CO,weak_nucleophile,non_polar,low,other
833,CC(C)CBr,1°,Br,Cl2,radical_source,polar_protic,low,other
834,CC(C)(C)Br,3°,Br,RS-,strong_nucleophile,polar_protic,low,other
835,CCCCl,1°,Cl,Cl,acid,non_polar,low,other
836,CCC(C)(C)Br,3°,Br,O,weak_nucleophile,polar_aprotic,heat,other
837,CC(C)(C)Cl,3°,Cl,Br2,radical_source,polar_aprotic,room_temp,other
838,CCC(C)(C)I,3°,I,I-,strong_nucleophile,polar_aprotic,heat,other
839,CCC(C)(C)I,3°,I,CN-,strong_nucleophile,polar_aprotic,heat,other
840,CI,methyl,I,O,weak_nucleophile,non_polar,room_temp,SN2
841,CC(C)(C)Cl,3°,Cl,Cl2,radical_source,polar_aprotic,room_temp,other
842,CCl,methyl,Cl,Br,acid,non_polar,low,other
843,CCl,methyl,Cl,CO,weak_nucleophile,polar_aprotic,low,SN2
844,CCC,alkane,None,Cl2,radical_source,polar_protic,room_temp,radical_substitution
845,CC(C)Br,2°,Br,CO,weak_nucleophile,polar_protic,room_temp,SN1
846,BrC1CCCCC1,2°,Br,CN-,strong_nucleophile,non_polar,heat,other
847,CCC(C)(C)Br,3°,Br,Cl,acid,non_polar,room_temp,other
848,CCC(C)Cl,2°,Cl,Cl,acid,polar_aprotic,room_temp,other
849,CC(C)Br,2°,Br,Cl2,radical_source,non_polar,room_temp,other
850,C=CC,alkene,None,Br2,radical_source,polar_protic,room_temp,electrophilic_addition
851,CC(C)I,2°,I,CN-,strong_nucleophile,polar_aprotic,low,SN2
852,CCC(C)Cl,2°,Cl,CC[O-],strong_base,non_polar,low,other
853,CC(C)(C)Cl,3°,Cl,[OH-],strong_base,polar_aprotic,heat,E2
854,CCC(C)(C)I,3°,I,[OH-],strong_base,polar_aprotic,low,E2
855,CC(C)(C)Cl,3°,Cl,Cl2,radical_source,polar_protic,room_temp,other
856,CCCCI,1°,I,RS-,strong_nucleophile,polar_protic,room_temp,SN2
857,CC(C)Br,2°,Br,O,weak_nucleophile,polar_aprotic,heat,other
858,CI,methyl,I,RS-,strong_nucleophile,non_polar,heat,SN2
859,C=CC,alkene,None,Br,acid,non_polar,heat,electrophilic_addition
860,C=CC,alkene,None,Cl,acid,polar_aprotic,room_temp,electrophilic_addition
861,CCCCI,1°,I,Br,acid,non_polar,heat,other
862,CCCCl,1°,Cl,RS-,strong_nucleophile,polar_protic,heat,SN2
863,CC(C)(C)Cl,3°,Cl,[OH-],strong_base,polar_protic,heat,E2
864,CC(C)Br,2°,Br,I-,strong_nucleophile,polar_protic,low,other
865,CCBr,1°,Br,CO,weak_nucleophile,polar_aprotic,room_temp,SN2
866,CCC(C)(C)Br,3°,Br,Cl2,radical_source,non_polar,room_temp,other
867,CI,methyl,I,Cl2,radical_source,non_polar,low,other
868,CC(C)(C)Br,3°,Br,RS-,strong_nucleophile,polar_protic,room_temp,other
869,CC(C)I,2°,I,CC[O-],strong_base,polar_aprotic,low,other
870,CCl,methyl,Cl,I-,strong_nucleophile,non_polar,low,SN2
871,CCBr,1°,Br,Br,acid,polar_protic,room_temp,other
872,CC(C)I,2°,I,O,weak_nucleophile,polar_aprotic,heat,other
873,CCC(C)Cl,2°,Cl,Cl,acid,non_polar,room_temp,other
874,CCCCl,1°,Cl,I-,strong_nucleophile,non_polar,heat,SN2
875,CC(C)I,2°,I,[OH-],strong_base,polar_aprotic,room_temp,other
876,CC(C)(C)Cl,3°,Cl,CN-,strong_nucleophile,polar_aprotic,low,other
877,CCC(C)(C)Br,3°,Br,CN-,strong_nucleophile,polar_aprotic,heat,other
878,CCBr,1°,Br,RS-,strong_nucleophile,non_polar,room_temp,SN2
879,CBr,methyl,Br,I-,strong_nucleophile,polar_protic,heat,SN2
880,CC(C)C,alkane,None,Cl2,radical_source,polar_protic,room_temp,radical_substitution
881,CCC(C)(C)I,3°,I,Cl,acid,polar_aprotic,low,other
882,CCC(C)(C)Br,3°,Br,Cl2,radical_source,non_polar,heat,other
883,CBr,methyl,Br,Br2,radical_source,polar_aprotic,room_temp,other
884,CCC(C)(C)I,3°,I,Cl,acid,polar_aprotic,room_temp,other
885,BrC1CCCCC1,2°,Br,CN-,strong_nucleophile,polar_aprotic,low,SN2
886,CCBr,1°,Br,RS-,strong_nucleophile,polar_aprotic,low,SN2
887,CBr,methyl,Br,CC[O-],strong_base,polar_protic,room_temp,SN2
888,CCC(C)(C)Br,3°,Br,[OH-],strong_base,polar_aprotic,heat,E2
889,CCC(C)Cl,2°,Cl,RS-,strong_nucleophile,polar_protic,low,other
890,CCCCl,1°,Cl,CO,weak_nucleophile,polar_aprotic,low,SN2
891,CC(C)(C)Br,3°,Br,Br2,radical_source,polar_aprotic,heat,other
892,CCl,methyl,Cl,O,weak_nucleophile,non_polar,low,SN2
893,CC(C)(C)Br,3°,Br,Br2,radical_source,polar_aprotic,low,other
894,CC(C)Br,2°,Br,RS-,strong_nucleophile,polar_protic,heat,other
895,CC(C)(C)Cl,3°,Cl,Cl2,radical_source,polar_aprotic,heat,other
896,C=C(C)C,alkene,None,Cl2,radical_source,polar_aprotic,heat,electrophilic_addition
897,C=C(C)C,alkene,None,Br2,radical_source,polar_aprotic,low,electrophilic_addition
898,CCC(C)Cl,2°,Cl,[OH-],strong_base,polar_protic,low,other
899,BrC1CCCCC1,2°,Br,O,weak_nucleophile,polar_aprotic,heat,other
900,CCBr,1°,Br,Br2,radical_source,non_polar,low,other
901,CC(C)(C)Cl,3°,Cl,RS-,strong_nucleophile,polar_aprotic,room_temp,other
902,CCC(C)Cl,2°,Cl,CC[O-],strong_base,non_polar,room_temp,other
903,CCC(C)(C)I,3°,I,Br2,radical_source,polar_protic,heat,other
904,CCCCI,1°,I,I-,strong_nucleophile,polar_protic,low,SN2
905,CCC(C)Cl,2°,Cl,CN-,strong_nucleophile,polar_aprotic,heat,SN2
906,CCBr,1°,Br,Cl2,radical_source,polar_aprotic,heat,other
907,CCC(C)Cl,2°,Cl,CN-,strong_nucleophile,non_polar,low,other
908,CCC(C)(C)I,3°,I,RS-,strong_nucleophile,polar_aprotic,low,other
909,CI,methyl,I,Cl2,radical_source,polar_aprotic,low,other
910,CC(C)(C)Br,3°,Br,CO,weak_nucleophile,polar_protic,heat,E1
911,CI,methyl,I,Br,acid,polar_protic,heat,other
912,CCC(C)(C)I,3°,I,RS-,strong_nucleophile,polar_aprotic,heat,other
913,C=C,alkene,None,Cl2,radical_source,polar_aprotic,room_temp,electrophilic_addition
914,CC(C)CBr,1°,Br,CN-,strong_nucleophile,polar_protic,low,SN2
915,CCC(C)Cl,2°,Cl,CC[O-],strong_base,non_polar,heat,E2
916,CCl,methyl,Cl,Br2,radical_source,non_polar,room_temp,other
917,CC(C)I,2°,I,CC[O-],strong_base,polar_protic,heat,E2
918,CC(C)Br,2°,Br,Cl,acid,polar_protic,heat,other
919,BrC1CCCCC1,2°,Br,CN-,strong_nucleophile,polar_protic,room_temp,other
920,CCC,alkane,None,Cl2,radical_source,non_polar,heat,radical_substitution
921,CBr,methyl,Br,Br2,radical_source,polar_protic,heat,other
922,CCl,methyl,Cl,Br2,radical_source,polar_protic,heat,other
923,CC(C)(C)Cl,3°,Cl,CO,weak_nucleophile,polar_protic,room_temp,SN1
924,BrC1CCCCC1,2°,Br,I-,strong_nucleophile,non_polar,heat,other
925,CCl,methyl,Cl,CO,weak_nucleophile,polar_aprotic,low,SN2
926,CC(C)Br,2°,Br,CN-,strong_nucleophile,non_polar,heat,other
927,CCC(C)(C)Br,3°,Br,CC[O-],strong_base,polar_aprotic,low,E2
928,CCBr,1°,Br,Cl2,radical_source,polar_aprotic,room_temp,other
929,CCCCl,1°,Cl,Br2,radical_source,polar_protic,low,other
930,C=C(C)C,alkene,None,Br2,radical_source,polar_aprotic,heat,electrophilic_addition
931,CCC(C)Cl,2°,Cl,[OH-],strong_base,polar_protic,room_temp,other
932,CBr,methyl,Br,CN-,strong_nucleophile,polar_protic,heat,SN2
933,CCCCI,1°,I,CC[O-],strong_base,polar_aprotic,low,SN2
934,CCCCl,1°,Cl,I-,strong_nucleophile,polar_protic,room_temp,SN2
935,C=CC,alkene,None,Br2,radical_source,polar_aprotic,room_temp,electrophilic_addition
936,CCC(C)(C)I,3°,I,Cl2,radical_source,non_polar,room_temp,other
937,CI,methyl,I,Cl2,radical_source,polar_aprotic,room_temp,other
938,CCCCl,1°,Cl,Cl2,radical_source,polar_aprotic,low,other
939,CCBr,1°,Br,I-,strong_nucleophile,polar_protic,room_temp,SN2
940,CC(C)Br,2°,Br,I-,strong_nucleophile,polar_protic,low,other
941,CC(C)(C)Cl,3°,Cl,I-,strong_nucleophile,polar_protic,room_temp,other
942,CC(C)Br,2°,Br,Br2,radical_source,non_polar,room_temp,other
943,CCCCI,1°,I,Cl,acid,polar_protic,low,other
944,CC(C)(C)Br,3°,Br,CC[O-],strong_base,polar_aprotic,heat,E2
945,C=CC,alkene,None,Br,acid,non_polar,low,electrophilic_addition
946,CC(C)CBr,1°,Br,RS-,strong_nucleophile,polar_protic,low,SN2
947,CC(C)Br,2°,Br,RS-,strong_nucleophile,polar_protic,heat,other
948,CCCCI,1°,I,CO,weak_nucleophile,non_polar,room_temp,SN2
949,CCC(C)(C)I,3°,I,I-,strong_nucleophile,polar_protic,heat,other
950,CI,methyl,I,RS-,strong_nucleophile,polar_protic,room_temp,SN2
951,CCC(C)Cl,2°,Cl,CO,weak_nucleophile,polar_protic,heat,SN1
952,CCC(C)Cl,2°,Cl,Cl2,radical_source,polar_protic,low,other
953,CCC(C)Cl,2°,Cl,CN-,strong_nucleophile,non_polar,low,other
954,CCl,methyl,Cl,Br2,radical_source,polar_aprotic,low,other
955,BrC1CCCCC1,2°,Br,CO,weak_nucleophile,non_polar,low,other
956,CCCCI,1°,I,CN-,strong_nucleophile,non_polar,heat,SN2
957,CCl,methyl,Cl,O,weak_nucleophile,polar_aprotic,room_temp,SN2
958,CCCCI,1°,I,O,weak_nucleophile,polar_aprotic,low,SN2
959,CC(C)(C)Cl,3°,Cl,[OH-],strong_base,polar_aprotic,room_temp,E2
960,CI,methyl,I,CO,weak_nucleophile,non_polar,low,SN2
961,C=C(C)C,alkene,None,Br,acid,polar_protic,room_temp,electrophilic_addition
962,CCC(C)(C)I,3°,I,I-,strong_nucleophile,polar_aprotic,room_temp,other
963,CCC(C)(C)I,3°,I,CO,weak_nucleophile,polar_protic,heat,E1
964,CCCCl,1°,Cl,Cl,acid,polar_protic,room_temp,other
965,CC(C)CBr,1°,Br,Br,acid,polar_aprotic,room_temp,other
966,CC(C)I,2°,I,Br,acid,polar_protic,heat,other
967,CC(C)(C)Cl,3°,Cl,Br,acid,polar_protic,low,other
968,CCCCl,1°,Cl,RS-,strong_nucleophile,non_polar,room_temp,SN2
969,CCC(C)(C)I,3°,I,Cl,acid,polar_aprotic,low,other
970,CC(C)Br,2°,Br,CO,weak_nucleophile,polar_protic,room_temp,SN1
971,CCC(C)(C)Br,3°,Br,[OH-],strong_base,polar_aprotic,heat,E2
972,CBr,methyl,Br,Cl2,radical_source,polar_aprotic,room_temp,other
973,CCl,methyl,Cl,[OH-],strong_base,polar_protic,room_temp,SN2
974,CI,methyl,I,CN-,strong_nucleophile,non_polar,low,SN2
975,BrC1CCCCC1,2°,Br,CO,weak_nucleophile,polar_aprotic,room_temp,other
976,C=C,alkene,None,Br,acid,polar_protic,heat,electrophilic_addition
977,CI,methyl,I,[OH-],strong_base,polar_protic,low,SN2
978,CC(C)Br,2°,Br,I-,strong_nucleophile,polar_aprotic,heat,SN2
979,CC(C)CBr,1°,Br,I-,strong_nucleophile,polar_aprotic,room_temp,SN2
980,C=C,alkene,None,Cl,acid,non_polar,low,electrophilic_addition
981,BrC1CCCCC1,2°,Br,[OH-],strong_base,polar_protic,room_temp,other
982,CCCCl,1°,Cl,RS-,strong_nucleophile,polar_aprotic,heat,SN2
983,CC(C)(C)Cl,3°,Cl,CO,weak_nucleophile,polar_protic,heat,E1
984,CCC(C)(C)Br,3°,Br,I-,strong_nucleophile,polar_aprotic,low,other
985,CI,methyl,I,CN-,strong_nucleophile,polar_aprotic,heat,SN2
986,CC(C)I,2°,I,Cl2,radical_source,polar_aprotic,heat,other
987,CC(C)CBr,1°,Br,Br,acid,polar_protic,heat,other
988,CC(C)(C)Br,3°,Br,I-,strong_nucleophile,polar_protic,low,other
989,CC(C)Br,2°,Br,RS-,strong_nucleophile,polar_protic,room_temp,other
990,CC(C)CBr,1°,Br,Cl,acid,polar_protic,low,other
991,CC(C)Br,2°,Br,RS-,strong_nucleophile,non_polar,room_temp,other
992,CCCCI,1°,I,CC[O-],strong_base,polar_aprotic,low,SN2
993,CC(C)(C)Cl,3°,Cl,Br2,radical_source,polar_aprotic,room_temp,other
994,BrC1CCCCC1,2°,Br,RS-,strong_nucleophile,non_polar,low,other
995,CCC(C)(C)Br,3°,Br,O,weak_nucleophile,polar_aprotic,heat,other
996,CC(C)(C)Cl,3°,Cl,Cl,acid,polar_aprotic,room_temp,other
997,CCC(C)Cl,2°,Cl,I-,strong_nucleophile,non_polar,low,other
998,C=CC,alkene,None,Cl,acid,polar_protic,low,electrophilic_addition
999,CCC(C)Cl,2°,Cl,[OH-],strong_base,non_polar,heat,E2
1000,CC(C)(C)Cl,3°,Cl,I-,strong_nucleophile,non_polar,low,other
1001,CI,methyl,I,RS-,strong_nucleophile,polar_protic,room_temp,SN2
1002,CBr,methyl,Br,Cl,acid,polar_aprotic,heat,other
1003,CCCCl,1°,Cl,CO,weak_nucleophile,polar_aprotic,room_temp,SN2
1004,BrC1CCCCC1,2°,Br,CO,weak_nucleophile,non_polar,low,other
1005,CCC(C)Cl,2°,Cl,Cl,acid,polar_protic,heat,other
1006,CI,methyl,I,CC[O-],strong_base,polar_aprotic,heat,SN2
1007,BrC1CCCCC1,2°,Br,I-,strong_nucleophile,polar_protic,room_temp,other
1008,CC(C)I,2°,I,Br,acid,non_polar,low,other
1009,CI,methyl,I,Br2,radical_source,polar_aprotic,room_temp,other
1010,CCC(C)(C)Br,3°,Br,[OH-],strong_base,polar_aprotic,heat,E2
1011,CC(C)I,2°,I,CO,weak_nucleophile,polar_protic,low,SN1
1012,CC(C)Br,2°,Br,I-,strong_nucleophile,polar_aprotic,heat,SN2
1013,CCC(C)(C)I,3°,I,[OH-],strong_base,polar_protic,room_temp,E2
1014,CC(C)(C)Br,3°,Br,CO,weak_nucleophile,polar_aprotic,low,other
1015,CCCCI,1°,I,CO,weak_nucleophile,polar_protic,heat,SN2
1016,CC(C)I,2°,I,[OH-],strong_base,polar_protic,heat,E2
1017,C=CC,alkene,None,Br,acid,non_polar,room_temp,electrophilic_addition
1018,CBr,methyl,Br,RS-,strong_nucleophile,polar_aprotic,low,SN2
1019,CC(C)I,2°,I,O,weak_nucleophile,non_polar,low,other
1020,CCCCl,1°,Cl,[OH-],strong_base,non_polar,room_temp,SN2
1021,C=C(C)C,alkene,None,Cl,acid,polar_aprotic,room_temp,electrophilic_addition
1022,CCC(C)(C)Br,3°,Br,CO,weak_nucleophile,polar_aprotic,room_temp,other
1023,CCC(C)(C)I,3°,I,CO,weak_nucleophile,polar_aprotic,room_temp,other
1024,CCCCI,1°,I,Cl2,radical_source,non_polar,low,other
1025,CBr,methyl,Br,CN-,strong_nucleophile,polar_aprotic,low,SN2
1026,CCCCI,1°,I,O,weak_nucleophile,polar_aprotic,room_temp,SN2
1027,CCC(C)(C)Br,3°,Br,CN-,strong_nucleophile,non_polar,room_temp,other
1028,CI,methyl,I,I-,strong_nucleophile,non_polar,room_temp,SN2
1029,CCl,methyl,Cl,O,weak_nucleophile,non_polar,heat,SN2
1030,CBr,methyl,Br,Cl,acid,polar_aprotic,low,other
1031,CC(C)CBr,1°,Br,[OH-],strong_base,polar_aprotic,heat,SN2
1032,CC(C)CBr,1°,Br,Cl,acid,polar_protic,heat,other
1033,CCC(C)Cl,2°,Cl,[OH-],strong_base,polar_aprotic,low,other
1034,CC(C)I,2°,I,CN-,strong_nucleophile,polar_aprotic,low,SN2
1035,CCl,methyl,Cl,[OH-],strong_base,polar_protic,low,SN2
1036,CC(C)(C)Br,3°,Br,CO,weak_nucleophile,polar_aprotic,heat,other
1037,CCBr,1°,Br,CC[O-],strong_base,polar_aprotic,low,SN2
1038,CC(C)CBr,1°,Br,CN-,strong_nucleophile,polar_aprotic,low,SN2
1039,CCC(C)(C)I,3°,I,RS-,strong_nucleophile,non_polar,heat,other
1040,C=C,alkene,None,Br2,radical_source,polar_protic,low,electrophilic_addition
1041,CCC(C)(C)I,3°,I,O,weak_nucleophile,polar_protic,low,SN1
1042,CCl,methyl,Cl,RS-,strong_nucleophile,non_polar,heat,SN2
1043,CCl,methyl,Cl,CO,weak_nucleophile,polar_protic,heat,SN2
1044,CC(C)(C)Br,3°,Br,RS-,strong_nucleophile,polar_protic,low,other
1045,CBr,methyl,Br,[OH-],strong_base,polar_aprotic,low,SN2
1046,CCBr,1°,Br,Br2,radical_source,polar_protic,low,other
1047,CCCCI,1°,I,RS-,strong_nucleophile,polar_protic,heat,SN2
1048,CC(C)C,alkane,None,Br2,radical_source,non_polar,room_temp,radical_substitution
1049,CBr,methyl,Br,I-,strong_nucleophile,polar_protic,room_temp,SN2
1050,BrC1CCCCC1,2°,Br,RS-,strong_nucleophile,non_polar,low,other
1051,CCl,methyl,Cl,[OH-],strong_base,non_polar,room_temp,SN2
1052,CCCCI,1°,I,O,weak_nucleophile,polar_aprotic,heat,SN2
1053,C=C(C)C,alkene,None,Cl2,radical_source,polar_protic,low,electrophilic_addition
1054,CC(C)(C)Br,3°,Br,O,weak_nucleophile,polar_protic,low,SN1
1055,CCC(C)(C)Br,3°,Br,RS-,strong_nucleophile,polar_protic,low,other
1056,CCC(C)(C)Br,3°,Br,Br,acid,polar_protic,low,other
1057,CCC(C)Cl,2°,Cl,Cl2,radical_source,polar_protic,low,other
1058,CCC(C)Cl,2°,Cl,RS-,strong_nucleophile,non_polar,room_temp,other
1059,BrC1CCCCC1,2°,Br,I-,strong_nucleophile,polar_aprotic,low,SN2
1060,CC(C)Br,2°,Br,I-,strong_nucleophile,polar_protic,heat,other
1061,CCC(C)(C)Br,3°,Br,CO,weak_nucleophile,polar_aprotic,low,other
1062,CCC(C)(C)Br,3°,Br,Br,acid,non_polar,low,other
1063,CCCCI,1°,I,Cl2,radical_source,polar_aprotic,heat,other
1064,CCCCl,1°,Cl,Cl,acid,polar_protic,room_temp,other
1065,CCC(C)(C)Br,3°,Br,Cl,acid,polar_protic,room_temp,other
1066,CCl,methyl,Cl,RS-,strong_nucleophile,polar_protic,low,SN2
1067,CCC(C)(C)I,3°,I,Cl2,radical_source,non_polar,room_temp,other
1068,CC(C)CBr,1°,Br,CN-,strong_nucleophile,polar_protic,low,SN2
1069,CC(C)I,2°,I,O,weak_nucleophile,polar_protic,room_temp,SN1
1070,CCC(C)Cl,2°,Cl,CO,weak_nucleophile,polar_aprotic,heat,other
1071,BrC1CCCCC1,2°,Br,CO,weak_nucleophile,non_polar,room_temp,other
1072,CBr,methyl,Br,[OH-],strong_base,polar_protic,low,SN2
1073,BrC1CCCCC1,2°,Br,CN-,strong_nucleophile,polar_protic,heat,other
1074,CCCCI,1°,I,CC[O-],strong_base,polar_aprotic,low,SN2
1075,CCl,methyl,Cl,Br2,radical_source,non_polar,room_temp,other
1076,CC(C)(C)Cl,3°,Cl,O,weak_nucleophile,polar_protic,room_temp,SN1
1077,CCCCI,1°,I,Br2,radical_source,polar_protic,heat,other
1078,CC(C)Br,2°,Br,Br,acid,polar_protic,low,other
1079,C=CC,alkene,None,Cl,acid,non_polar,low,electrophilic_addition
1080,CCCCl,1°,Cl,O,weak_nucleophile,polar_protic,room_temp,SN2
1081,CI,methyl,I,CC[O-],strong_base,polar_aprotic,room_temp,SN2
1082,CI,methyl,I,[OH-],strong_base,polar_aprotic,heat,SN2
1083,CC(C)Br,2°,Br,Cl,acid,polar_aprotic,low,other
1084,CC(C)Br,2°,Br,CC[O-],strong_base,polar_aprotic,room_temp,other
1085,CCC(C)Cl,2°,Cl,I-,strong_nucleophile,polar_protic,low,other
1086,CCBr,1°,Br,RS-,strong_nucleophile,polar_aprotic,room_temp,SN2
1087,BrC1CCCCC1,2°,Br,I-,strong_nucleophile,polar_protic,low,other
1088,CCC(C)(C)Br,3°,Br,Br2,radical_source,polar_aprotic,low,other
1089,CCC(C)(C)I,3°,I,RS-,strong_nucleophile,polar_aprotic,heat,other
1090,CBr,methyl,Br,CO,weak_nucleophile,polar_protic,room_temp,SN2
1091,CC(C)Br,2°,Br,O,weak_nucleophile,polar_aprotic,room_temp,other
1092,CC(C)I,2°,I,[OH-],strong_base,polar_protic,low,other
1093,CBr,methyl,Br,Cl2,radical_source,polar_aprotic,low,other
1094,CCCCl,1°,Cl,Cl2,radical_source,polar_aprotic,heat,other
1095,CC(C)(C)Cl,3°,Cl,[OH-],strong_base,polar_protic,room_temp,E2
1096,CC(C)I,2°,I,Cl,acid,polar_aprotic,room_temp,other
1097,CCBr,1°,Br,RS-,strong_nucleophile,non_polar,heat,SN2
1098,CCC(C)Cl,2°,Cl,CC[O-],strong_base,polar_aprotic,room_temp,other
1099,C=C,alkene,None,Cl,acid,polar_aprotic,heat,electrophilic_addition
1100,CC(C)Br,2°,Br,Cl2,radical_source,polar_protic,room_temp,other
1101,CCC(C)(C)Br,3°,Br,Br2,radical_source,polar_protic,low,other
1102,CC(C)CBr,1°,Br,CN-,strong_nucleophile,polar_protic,heat,SN2
1103,CC(C)CBr,1°,Br,CO,weak_nucleophile,polar_aprotic,low,SN2
1104,CC(C)Br,2°,Br,RS-,strong_nucleophile,polar_aprotic,heat,SN2
1105,CCBr,1°,Br,I-,strong_nucleophile,polar_aprotic,heat,SN2
1106,CCCCl,1°,Cl,Cl2,radical_source,polar_protic,heat,other
1107,CCC(C)(C)I,3°,I,I-,strong_nucleophile,non_polar,room_temp,other
1108,BrC1CCCCC1,2°,Br,CO,weak_nucleophile,non_polar,heat,other
1109,CCCCI,1°,I,CO,weak_nucleophile,non_polar,room_temp,SN2
1110,CI,methyl,I,RS-,strong_nucleophile,polar_aprotic,room_temp,SN2
1111,CCCCl,1°,Cl,RS-,strong_nucleophile,polar_protic,room_temp,SN2
1112,CC(C)Br,2°,Br,Br2,radical_source,polar_aprotic,heat,other
1113,CC(C)I,2°,I,Cl,acid,polar_aprotic,heat,other
1114,CCC(C)Cl,2°,Cl,O,weak_nucleophile,polar_protic,room_temp,SN1
1115,CC(C)Br,2°,Br,Br2,radical_source,polar_aprotic,heat,other
1116,CC(C)CBr,1°,Br,Br2,radical_source,polar_aprotic,heat,other
1117,CCC(C)Cl,2°,Cl,Br2,radical_source,non_polar,room_temp,other
1118,CBr,methyl,Br,Cl,acid,polar_protic,heat,other
1119,CC(C)Br,2°,Br,Br2,radical_source,polar_aprotic,heat,other
1120,CCC(C)(C)I,3°,I,I-,strong_nucleophile,polar_aprotic,room_temp,other
1121,CC(C)(C)Cl,3°,Cl,CN-,strong_nucleophile,polar_aprotic,low,other
1122,CCBr,1°,Br,I-,strong_nucleophile,polar_protic,heat,SN2
1123,CC(C)Br,2°,Br,Br2,radical_source,non_polar,heat,other
1124,CC(C)I,2°,I,CC[O-],strong_base,non_polar,room_temp,other
1125,CI,methyl,I,Br,acid,polar_aprotic,heat,other
1126,CCC(C)Cl,2°,Cl,CN-,strong_nucleophile,polar_aprotic,heat,SN2
1127,CCC(C)(C)I,3°,I,O,weak_nucleophile,non_polar,low,other
1128,CC(C)Br,2°,Br,I-,strong_nucleophile,polar_protic,room_temp,other
1129,CCCCI,1°,I,CO,weak_nucleophile,polar_aprotic,room_temp,SN2
1130,C=CC,alkene,None,Br,acid,non_polar,low,electrophilic_addition
1131,C=C,alkene,None,Cl2,radical_source,polar_aprotic,low,electrophilic_addition
1132,CC(C)(C)Cl,3°,Cl,CN-,strong_nucleophile,polar_aprotic,low,other
1133,CCl,methyl,Cl,Br,acid,polar_protic,heat,other
1134,BrC1CCCCC1,2°,Br,Br,acid,non_polar,low,other
1135,CC(C)(C)Br,3°,Br,Br,acid,polar_protic,room_temp,other
1136,CCC(C)(C)I,3°,I,Br2,radical_source,polar_aprotic,heat,other
1137,CBr,methyl,Br,Cl2,radical_source,polar_aprotic,low,other
1138,CCC(C)(C)I,3°,I,Cl,acid,polar_protic,low,other
1139,C=CC,alkene,None,Cl2,radical_source,polar_protic,low,electrophilic_addition
1140,CCC(C)Cl,2°,Cl,Cl2,radical_source,polar_aprotic,heat,other
1141,CC(C)I,2°,I,[OH-],strong_base,polar_aprotic,low,other
1142,CCC(C)(C)I,3°,I,O,weak_nucleophile,polar_aprotic,room_temp,other
1143,CCCCl,1°,Cl,Cl2,radical_source,polar_protic,room_temp,other
1144,CCl,methyl,Cl,RS-,strong_nucleophile,polar_protic,low,SN2
1145,CC(C)Br,2°,Br,Br,acid,polar_protic,low,other
1146,CBr,methyl,Br,[OH-],strong_base,polar_protic,heat,SN2
1147,CC(C)(C)Cl,3°,Cl,Br,acid,polar_protic,low,other
1148,CBr,methyl,Br,[OH-],strong_base,polar_aprotic,room_temp,SN2
1149,BrC1CCCCC1,2°,Br,[OH-],strong_base,non_polar,heat,E2
1150,CCCCl,1°,Cl,[OH-],strong_base,polar_aprotic,low,SN2
1151,CCBr,1°,Br,Cl2,radical_source,polar_protic,heat,other
1152,CCC,alkane,None,Cl2,radical_source,polar_aprotic,room_temp,radical_substitution
1153,CCC(C)(C)Br,3°,Br,Br2,radical_source,polar_aprotic,heat,other
1154,CCBr,1°,Br,Cl2,radical_source,polar_protic,low,other
1155,CCC,alkane,None,Br2,radical_source,non_polar,room_temp,radical_substitution
1156,CCC(C)(C)I,3°,I,Br2,radical_source,polar_aprotic,heat,other
1157,CCCCl,1°,Cl,Br2,radical_source,non_polar,low,other
1158,CC(C)CBr,1°,Br,[OH-],strong_base,non_polar,heat,SN2
1159,CC(C)CBr,1°,Br,CC[O-],strong_base,polar_protic,heat,SN2
1160,CC(C)(C)Cl,3°,Cl,[OH-],strong_base,polar_aprotic,low,E2
1161,CC(C)I,2°,I,I-,strong_nucleophile,polar_aprotic,low,SN2
1162,CCBr,1°,Br,CO,weak_nucleophile,non_polar,heat,SN2
1163,CBr,methyl,Br,CN-,strong_nucleophile,polar_protic,low,SN2
1164,CC(C)CBr,1°,Br,CC[O-],strong_base,polar_aprotic,heat,SN2
1165,CCl,methyl,Cl,Cl2,radical_source,non_polar,low,other
1166,CCCCI,1°,I,[OH-],strong_base,non_polar,room_temp,SN2
1167,CCl,methyl,Cl,Cl2,radical_source,polar_aprotic,room_temp,other
1168,CCl,methyl,Cl,[OH-],strong_base,non_polar,heat,SN2
1169,CC(C)CBr,1°,Br,Br,acid,polar_protic,heat,other
1170,CBr,methyl,Br,[OH-],strong_base,polar_aprotic,low,SN2
1171,CC(C)Br,2°,Br,I-,strong_nucleophile,polar_aprotic,room_temp,SN2
1172,CCCCl,1°,Cl,[OH-],strong_base,polar_aprotic,heat,SN2
1173,CC(C)I,2°,I,Br,acid,polar_protic,heat,other
1174,CCC(C)(C)Br,3°,Br,Br,acid,polar_protic,room_temp,other
1175,CC(C)CBr,1°,Br,[OH-],strong_base,polar_protic,low,SN2
1176,CBr,methyl,Br,Cl,acid,polar_aprotic,low,other
1177,CI,methyl,I,[OH-],strong_base,polar_protic,low,SN2
1178,CCBr,1°,Br,Cl,acid,non_polar,heat,other
1179,CCCCI,1°,I,Br,acid,non_polar,room_temp,other
1180,CC(C)(C)Cl,3°,Cl,RS-,strong_nucleophile,polar_aprotic,heat,other
1181,CCl,methyl,Cl,Br,acid,non_polar,heat,other
1182,CC(C)(C)Cl,3°,Cl,O,weak_nucleophile,polar_protic,heat,E1
1183,CCBr,1°,Br,CO,weak_nucleophile,non_polar,low,SN2
1184,CCC(C)(C)I,3°,I,Cl,acid,polar_protic,low,other
1185,CC(C)(C)Cl,3°,Cl,CC[O-],strong_base,polar_protic,heat,E2
1186,CCC(C)(C)I,3°,I,[OH-],strong_base,polar_aprotic,low,E2
1187,CC(C)I,2°,I,O,weak_nucleophile,non_polar,heat,other
1188,CC(C)I,2°,I,Cl,acid,non_polar,room_temp,other
1189,CCC(C)(C)I,3°,I,[OH-],strong_base,non_polar,room_temp,E2
1190,CC(C)CBr,1°,Br,Br2,radical_source,polar_aprotic,low,other
1191,CI,methyl,I,[OH-],strong_base,polar_protic,room_temp,SN2
1192,CCC(C)(C)I,3°,I,Br2,radical_source,polar_aprotic,room_temp,other
1193,CC(C)I,2°,I,Br2,radical_source,non_polar,room_temp,other
1194,CCC(C)(C)Br,3°,Br,RS-,strong_nucleophile,polar_aprotic,low,other
1195,CCBr,1°,Br,Cl2,radical_source,polar_aprotic,room_temp,other
1196,CC(C)Br,2°,Br,RS-,strong_nucleophile,polar_protic,room_temp,other
1197,C=C,alkene,None,Cl,acid,polar_aprotic,room_temp,electrophilic_addition
1198,CC(C)(C)Cl,3°,Cl,Br,acid,non_polar,room_temp,other
1199,C=CC,alkene,None,Cl2,radical_source,polar_aprotic,heat,electrophilic_addition
1200,CCC(C)(C)Br,3°,Br,O,weak_nucleophile,non_polar,low,other
1201,CC(C)(C)Br,3°,Br,[OH-],strong_base,non_polar,room_temp,E2
1202,CCC(C)(C)I,3°,I,Cl2,radical_source,polar_protic,heat,other
1203,CCC(C)(C)Br,3°,Br,CN-,strong_nucleophile,polar_protic,room_temp,other
1204,CC(C)(C)Cl,3°,Cl,RS-,strong_nucleophile,polar_aprotic,low,other
1205,CCC(C)(C)Br,3°,Br,CN-,strong_nucleophile,polar_aprotic,low,other
1206,CCCCl,1°,Cl,Cl2,radical_source,polar_aprotic,heat,other
1207,CBr,methyl,Br,Cl2,radical_source,polar_protic,low,other
1208,CBr,methyl,Br,CO,weak_nucleophile,non_polar,low,SN2
1209,CC(C)CBr,1°,Br,I-,strong_nucleophile,non_polar,low,SN2
1210,CCC(C)(C)I,3°,I,O,weak_nucleophile,polar_protic,low,SN1
1211,CI,methyl,I,CC[O-],strong_base,non_polar,heat,SN2
1212,CCC(C)Cl,2°,Cl,I-,strong_nucleophile,non_polar,low,other
1213,CC(C)Br,2°,Br,Br,acid,polar_protic,heat,other
1214,CC(C)CBr,1°,Br,Cl2,radical_source,polar_aprotic,room_temp,other
1215,CCl,methyl,Cl,Br,acid,polar_protic,heat,other
1216,CC(C)(C)Cl,3°,Cl,RS-,strong_nucleophile,polar_protic,heat,other
1217,CC(C)I,2°,I,O,weak_nucleophile,polar_aprotic,low,other
1218,BrC1CCCCC1,2°,Br,RS-,strong_nucleophile,polar_protic,room_temp,other
1219,CCl,methyl,Cl,Br2,radical_source,polar_aprotic,low,other
1220,CCC(C)Cl,2°,Cl,Br,acid,non_polar,low,other
1221,C=C,alkene,None,Cl2,radical_source,polar_protic,low,electrophilic_addition
1222,CC(C)CBr,1°,Br,CO,weak_nucleophile,polar_protic,low,SN2
1223,CCCCl,1°,Cl,[OH-],strong_base,polar_aprotic,low,SN2
1224,CBr,methyl,Br,Br,acid,non_polar,room_temp,other
1225,CCl,methyl,Cl,Cl2,radical_source,polar_protic,low,other
1226,CC(C)Br,2°,Br,Cl2,radical_source,polar_protic,room_temp,other
1227,CC(C)(C)Br,3°,Br,Br,acid,polar_aprotic,low,other
1228,CC(C)(C)Cl,3°,Cl,I-,strong_nucleophile,polar_protic,room_temp,other
1229,CC(C)Br,2°,Br,CN-,strong_nucleophile,polar_protic,heat,other
1230,CCC(C)(C)I,3°,I,I-,strong_nucleophile,non_polar,room_temp,other
1231,CBr,methyl,Br,O,weak_nucleophile,polar_aprotic,room_temp,SN2
1232,CCC(C)(C)I,3°,I,O,weak_nucleophile,polar_aprotic,heat,other
1233,CI,methyl,I,Cl2,radical_source,non_polar,room_temp,other
1234,CCC(C)Cl,2°,Cl,[OH-],strong_base,non_polar,room_temp,other
1235,CC(C)(C)Cl,3°,Cl,CO,weak_nucleophile,non_polar,room_temp,other
1236,CCBr,1°,Br,CO,weak_nucleophile,polar_protic,room_temp,SN2
1237,CCC(C)(C)I,3°,I,O,weak_nucleophile,polar_protic,room_temp,SN1
1238,CC(C)(C)Cl,3°,Cl,Cl,acid,polar_protic,heat,other
1239,CBr,methyl,Br,Br,acid,non_polar,heat,other
1240,CC(C)Br,2°,Br,CN-,strong_nucleophile,polar_aprotic,heat,SN2
1241,CCC(C)Cl,2°,Cl,RS-,strong_nucleophile,polar_aprotic,room_temp,SN2
1242,CCCCI,1°,I,CN-,strong_nucleophile,polar_aprotic,room_temp,SN2
1243,CCC(C)(C)I,3°,I,Cl2,radical_source,polar_protic,room_temp,other
1244,CCBr,1°,Br,Cl,acid,polar_protic,room_temp,other
1245,CBr,methyl,Br,Br2,radical_source,polar_aprotic,room_temp,other
1246,CC(C)C,alkane,None,Br2,radical_source,polar_aprotic,heat,radical_substitution
1247,CCC(C)(C)I,3°,I,Br2,radical_source,polar_protic,heat,other
1248,CCBr,1°,Br,O,weak_nucleophile,polar_protic,room_temp,SN2
1249,CCC(C)(C)I,3°,I,Br2,radical_source,polar_protic,room_temp,other
1250,BrC1CCCCC1,2°,Br,Br2,radical_source,polar_aprotic,low,other
1251,CCC(C)(C)I,3°,I,[OH-],strong_base,polar_aprotic,heat,E2
1252,CC(C)(C)Br,3°,Br,Br,acid,polar_protic,low,other
1253,CC(C)CBr,1°,Br,[OH-],strong_base,polar_aprotic,room_temp,SN2
1254,CC(C)Br,2°,Br,Cl,acid,polar_aprotic,room_temp,other
1255,CCC,alkane,None,Cl2,radical_source,polar_protic,heat,radical_substitution
1256,CC(C)(C)Br,3°,Br,I-,strong_nucleophile,polar_protic,heat,other
1257,CCC(C)(C)I,3°,I,CO,weak_nucleophile,polar_protic,room_temp,SN1
1258,CCC(C)(C)I,3°,I,I-,strong_nucleophile,polar_protic,heat,other
1259,CC(C)I,2°,I,I-,strong_nucleophile,polar_aprotic,low,SN2
1260,CC(C)(C)Br,3°,Br,Cl,acid,polar_aprotic,room_temp,other
1261,CBr,methyl,Br,[OH-],strong_base,polar_protic,low,SN2
1262,CCC(C)(C)I,3°,I,Br,acid,non_polar,room_temp,other
1263,CC(C)Br,2°,Br,RS-,strong_nucleophile,polar_protic,room_temp,other
1264,CCl,methyl,Cl,CC[O-],strong_base,polar_protic,heat,SN2
1265,C=C,alkene,None,Cl,acid,polar_aprotic,heat,electrophilic_addition
1266,C=C,alkene,None,Cl2,radical_source,polar_aprotic,heat,electrophilic_addition
1267,CCC(C)(C)Br,3°,Br,CN-,strong_nucleophile,non_polar,room_temp,other
1268,CBr,methyl,Br,[OH-],strong_base,polar_aprotic,room_temp,SN2
1269,CC(C)I,2°,I,O,weak_nucleophile,non_polar,heat,other
1270,CCC(C)Cl,2°,Cl,CC[O-],strong_base,polar_protic,low,other
1271,CC(C)I,2°,I,Cl,acid,non_polar,low,other
1272,CC(C)(C)Cl,3°,Cl,O,weak_nucleophile,polar_aprotic,low,other
1273,BrC1CCCCC1,2°,Br,Br2,radical_source,polar_protic,low,other
1274,CCC(C)Cl,2°,Cl,Cl2,radical_source,polar_protic,low,other
1275,CC(C)(C)Cl,3°,Cl,Br2,radical_source,polar_aprotic,low,other
1276,CCCCl,1°,Cl,Br,acid,polar_protic,heat,other
1277,CCC(C)Cl,2°,Cl,CC[O-],strong_base,non_polar,heat,E2
1278,CCCCI,1°,I,I-,strong_nucleophile,polar_protic,room_temp,SN2
1279,BrC1CCCCC1,2°,Br,Br2,radical_source,polar_protic,low,other
1280,CCCCl,1°,Cl,Cl2,radical_source,polar_aprotic,room_temp,other
1281,CC(C)I,2°,I,O,weak_nucleophile,non_polar,room_temp,other
1282,C=C,alkene,None,Br,acid,polar_protic,low,electrophilic_addition
1283,CC(C)(C)Br,3°,Br,CN-,strong_nucleophile,polar_protic,heat,other
1284,CCC(C)Cl,2°,Cl,CC[O-],strong_base,polar_aprotic,heat,E2
1285,CC(C)(C)Br,3°,Br,Br2,radical_source,non_polar,room_temp,other
1286,CI,methyl,I,I-,strong_nucleophile,polar_protic,heat,SN2
1287,CCC(C)(C)I,3°,I,CC[O-],strong_base,polar_protic,room_temp,E2
1288,CCC(C)(C)I,3°,I,CO,weak_nucleophile,polar_aprotic,room_temp,other
1289,CCBr,1°,Br,O,weak_nucleophile,polar_aprotic,room_temp,SN2
1290,CC(C)I,2°,I,Br2,radical_source,polar_protic,room_temp,other
1291,CCC(C)(C)Br,3°,Br,Br,acid,polar_aprotic,room_temp,other
1292,CC(C)I,2°,I,CO,weak_nucleophile,non_polar,low,other
1293,CC(C)(C)Br,3°,Br,Br,acid,polar_aprotic,room_temp,other
1294,CC(C)C,alkane,None,Cl2,radical_source,non_polar,room_temp,radical_substitution
1295,CCC(C)(C)Br,3°,Br,CO,weak_nucleophile,polar_aprotic,room_temp,other
1296,CCCCI,1°,I,Br,acid,polar_aprotic,room_temp,other
1297,CCC(C)(C)I,3°,I,O,weak_nucleophile,polar_protic,room_temp,SN1
1298,CCC(C)(C)Br,3°,Br,Br,acid,non_polar,heat,other
1299,CBr,methyl,Br,Br,acid,polar_aprotic,low,other
1300,CCCCI,1°,I,I-,strong_nucleophile,non_polar,room_temp,SN2
1301,C=C(C)C,alkene,None,Cl2,radical_source,non_polar,room_temp,electrophilic_addition
1302,CC(C)(C)Br,3°,Br,Cl2,radical_source,polar_aprotic,heat,other
1303,CCCCI,1°,I,CO,weak_nucleophile,non_polar,room_temp,SN2
1304,CCC(C)Cl,2°,Cl,Br,acid,polar_protic,low,other
1305,CCCCl,1°,Cl,I-,strong_nucleophile,polar_aprotic,low,SN2
1306,CCCCl,1°,Cl,Br2,radical_source,polar_aprotic,heat,other
1307,CCCCl,1°,Cl,CO,weak_nucleophile,polar_protic,heat,SN2
1308,CCBr,1°,Br,O,weak_nucleophile,non_polar,heat,SN2
1309,CC(C)I,2°,I,O,weak_nucleophile,polar_aprotic,low,other
1310,CC(C)(C)Br,3°,Br,Br2,radical_source,non_polar,room_temp,other
1311,CCCCI,1°,I,Br,acid,polar_protic,low,other
1312,CCC(C)(C)I,3°,I,I-,strong_nucleophile,polar_aprotic,low,other
1313,CCC(C)(C)I,3°,I,CO,weak_nucleophile,polar_protic,heat,E1
1314,CC(C)CBr,1°,Br,RS-,strong_nucleophile,polar_aprotic,room_temp,SN2
1315,CI,methyl,I,CN-,strong_nucleophile,polar_aprotic,room_temp,SN2
1316,CCCCI,1°,I,CO,weak_nucleophile,non_polar,low,SN2
1317,CC(C)I,2°,I,Cl,acid,non_polar,low,other
1318,CCC(C)(C)Br,3°,Br,Br2,radical_source,polar_aprotic,room_temp,other
1319,CC(C)Br,2°,Br,Cl2,radical_source,non_polar,heat,other
1320,CC(C)(C)Br,3°,Br,Br,acid,polar_protic,low,other
1321,CCC(C)Cl,2°,Cl,CC[O-],strong_base,polar_aprotic,low,other
1322,CBr,methyl,Br,Br,acid,polar_protic,low,other
1323,CI,methyl,I,RS-,strong_nucleophile,non_polar,low,SN2
1324,CC(C)(C)Cl,3°,Cl,CN-,strong_nucleophile,polar_protic,low,other
1325,CBr,methyl,Br,Br,acid,polar_protic,room_temp,other
1326,CCC(C)(C)Br,3°,Br,Cl,acid,polar_aprotic,room_temp,other
1327,CCl,methyl,Cl,I-,strong_nucleophile,polar_protic,heat,SN2
1328,CC(C)(C)Br,3°,Br,I-,strong_nucleophile,polar_protic,heat,other
1329,CI,methyl,I,O,weak_nucleophile,non_polar,room_temp,SN2
1330,CCl,methyl,Cl,O,weak_nucleophile,polar_protic,heat,SN2
1331,CCl,methyl,Cl,O,weak_nucleophile,polar_protic,heat,SN2
1332,CC(C)(C)Br,3°,Br,Cl2,radical_source,polar_protic,heat,other
1333,CCCCl,1°,Cl,Cl,acid,polar_protic,room_temp,other
1334,CCC(C)(C)I,3°,I,[OH-],strong_base,non_polar,heat,E2
1335,CC(C)I,2°,I,CN-,strong_nucleophile,polar_protic,room_temp,other
1336,CC(C)(C)Cl,3°,Cl,CO,weak_nucleophile,polar_protic,heat,E1
1337,CI,methyl,I,Br2,radical_source,polar_aprotic,heat,other
1338,BrC1CCCCC1,2°,Br,O,weak_nucleophile,non_polar,low,other
1339,CCC(C)Cl,2°,Cl,Br,acid,non_polar,heat,other
1340,CCC(C)(C)I,3°,I,CN-,strong_nucleophile,polar_protic,heat,other
1341,C=C(C)C,alkene,None,Br,acid,non_polar,heat,electrophilic_addition
1342,CCCCl,1°,Cl,Br,acid,polar_protic,room_temp,other
1343,CCC(C)(C)Br,3°,Br,Br2,radical_source,polar_aprotic,room_temp,other
1344,CCBr,1°,Br,[OH-],strong_base,polar_aprotic,low,SN2
1345,CC(C)(C)Cl,3°,Cl,Cl,acid,non_polar,low,other
1346,CC(C)I,2°,I,Br,acid,polar_aprotic,low,other
1347,CCC(C)(C)I,3°,I,Cl2,radical_source,polar_protic,room_temp,other
1348,CC(C)(C)Br,3°,Br,RS-,strong_nucleophile,polar_aprotic,low,other
1349,CBr,methyl,Br,Cl2,radical_source,non_polar,heat,other
1350,CCC(C)Cl,2°,Cl,CC[O-],strong_base,polar_protic,room_temp,other
1351,C=C,alkene,None,Cl,acid,polar_aprotic,room_temp,electrophilic_addition
1352,CCC(C)(C)I,3°,I,Br2,radical_source,polar_protic,heat,other
1353,C=C(C)C,alkene,None,Cl2,radical_source,polar_aprotic,room_temp,electrophilic_addition
1354,CCC(C)Cl,2°,Cl,[OH-],strong_base,polar_aprotic,low,other
1355,CCCCl,1°,Cl,Cl2,radical_source,polar_protic,room_temp,other
1356,CC(C)I,2°,I,RS-,strong_nucleophile,polar_protic,room_temp,other
1357,CCC(C)(C)Br,3°,Br,CC[O-],strong_base,polar_protic,heat,E2
1358,CCCCl,1°,Cl,RS-,strong_nucleophile,polar_protic,room_temp,SN2
1359,C=C,alkene,None,Cl,acid,polar_aprotic,room_temp,electrophilic_addition
1360,C=CC,alkene,None,Br,acid,polar_aprotic,room_temp,electrophilic_addition
1361,C=C,alkene,None,Br2,radical_source,polar_protic,room_temp,electrophilic_addition
1362,CCC(C)Cl,2°,Cl,[OH-],strong_base,polar_aprotic,heat,E2
1363,CCCCI,1°,I,Br,acid,non_polar,low,other
1364,CCCCl,1°,Cl,O,weak_nucleophile,polar_protic,low,SN2
1365,CCC(C)(C)I,3°,I,Cl,acid,polar_aprotic,low,other
1366,CI,methyl,I,RS-,strong_nucleophile,polar_protic,room_temp,SN2
1367,CCBr,1°,Br,Br2,radical_source,polar_aprotic,room_temp,other
1368,CCBr,1°,Br,O,weak_nucleophile,polar_aprotic,low,SN2
1369,CCC(C)(C)I,3°,I,I-,strong_nucleophile,non_polar,low,other
1370,CCC(C)Cl,2°,Cl,CN-,strong_nucleophile,non_polar,low,other
1371,CBr,methyl,Br,Cl2,radical_source,polar_protic,heat,other
1372,BrC1CCCCC1,2°,Br,Br,acid,polar_aprotic,room_temp,other
1373,CCCCI,1°,I,CC[O-],strong_base,polar_protic,low,SN2
1374,CC(C)I,2°,I,[OH-],strong_base,polar_protic,room_temp,other
1375,CBr,methyl,Br,CO,weak_nucleophile,polar_aprotic,room_temp,SN2
1376,CBr,methyl,Br,[OH-],strong_base,non_polar,low,SN2
1377,CCCCI,1°,I,RS-,strong_nucleophile,non_polar,heat,SN2
1378,CC(C)C,alkane,None,Br2,radical_source,polar_aprotic,room_temp,radical_substitution
1379,CCC(C)(C)I,3°,I,[OH-],strong_base,non_polar,room_temp,E2
1380,CC(C)CBr,1°,Br,I-,strong_nucleophile,non_polar,room_temp,SN2
1381,BrC1CCCCC1,2°,Br,CC[O-],strong_base,polar_aprotic,low,other
1382,CCC(C)Cl,2°,Cl,[OH-],strong_base,non_polar,room_temp,other
1383,CCCCI,1°,I,CC[O-],strong_base,polar_aprotic,room_temp,SN2
1384,CC(C)(C)Br,3°,Br,Cl2,radical_source,polar_aprotic,low,other
1385,CCCCl,1°,Cl,[OH-],strong_base,polar_aprotic,room_temp,SN2
1386,BrC1CCCCC1,2°,Br,CO,weak_nucleophile,non_polar,heat,other
1387,CC(C)I,2°,I,Cl2,radical_source,polar_aprotic,room_temp,other
1388,C=CC,alkene,None,Br2,radical_source,polar_aprotic,room_temp,electrophilic_addition
1389,CC(C)(C)Br,3°,Br,O,weak_nucleophile,non_polar,room_temp,other
1390,CCCCI,1°,I,O,weak_nucleophile,non_polar,low,SN2
1391,CCl,methyl,Cl,O,weak_nucleophile,polar_aprotic,room_temp,SN2
1392,CC(C)I,2°,I,I-,strong_nucleophile,polar_aprotic,room_temp,SN2
1393,CC(C)I,2°,I,I-,strong_nucleophile,polar_protic,heat,other
1394,BrC1CCCCC1,2°,Br,RS-,strong_nucleophile,polar_protic,room_temp,other
1395,CCl,methyl,Cl,CC[O-],strong_base,polar_aprotic,heat,SN2
1396,CC(C)(C)Br,3°,Br,I-,strong_nucleophile,non_polar,room_temp,other
1397,CC(C)I,2°,I,Br,acid,polar_aprotic,low,other
1398,BrC1CCCCC1,2°,Br,Cl,acid,polar_aprotic,room_temp,other
1399,CCC(C)(C)Br,3°,Br,O,weak_nucleophile,polar_aprotic,low,other
1400,CC(C)Br,2°,Br,Cl2,radical_source,polar_protic,room_temp,other
1401,CCC,alkane,None,Br2,radical_source,polar_aprotic,room_temp,radical_substitution
1402,CCC(C)(C)I,3°,I,I-,strong_nucleophile,non_polar,heat,other
1403,CC(C)I,2°,I,Cl2,radical_source,non_polar,heat,other
1404,CCC(C)(C)Br,3°,Br,Cl,acid,non_polar,low,other
1405,CI,methyl,I,I-,strong_nucleophile,non_polar,room_temp,SN2
1406,CI,methyl,I,CC[O-],strong_base,polar_aprotic,heat,SN2
1407,CCCCl,1°,Cl,O,weak_nucleophile,polar_protic,low,SN2
1408,CC(C)Br,2°,Br,Cl2,radical_source,polar_protic,low,other
1409,CC(C)CBr,1°,Br,CO,weak_nucleophile,polar_aprotic,low,SN2
1410,CCBr,1°,Br,[OH-],strong_base,non_polar,heat,SN2
1411,CCC(C)(C)I,3°,I,Cl2,radical_source,polar_protic,heat,other
1412,CCCCI,1°,I,I-,strong_nucleophile,polar_protic,heat,SN2
1413,CC(C)Br,2°,Br,Cl2,radical_source,non_polar,room_temp,other
1414,CCCCI,1°,I,RS-,strong_nucleophile,non_polar,low,SN2
1415,CCC(C)(C)I,3°,I,I-,strong_nucleophile,polar_protic,low,other
1416,CCl,methyl,Cl,I-,strong_nucleophile,polar_aprotic,heat,SN2
1417,CC(C)I,2°,I,Cl,acid,polar_protic,low,other
1418,C=CC,alkene,None,Br,acid,non_polar,low,electrophilic_addition
1419,CCl,methyl,Cl,Cl,acid,non_polar,low,other
1420,C=C(C)C,alkene,None,Cl,acid,polar_aprotic,heat,electrophilic_addition
1421,CBr,methyl,Br,Br2,radical_source,polar_protic,heat,other
1422,CC(C)I,2°,I,CO,weak_nucleophile,polar_protic,low,SN1
1423,BrC1CCCCC1,2°,Br,Cl2,radical_source,polar_aprotic,room_temp,other
1424,CCl,methyl,Cl,Br,acid,polar_protic,room_temp,other
1425,CI,methyl,I,Cl,acid,polar_aprotic,room_temp,other
1426,CCC(C)(C)I,3°,I,Cl,acid,non_polar,room_temp,other
1427,CCC(C)(C)Br,3°,Br,CN-,strong_nucleophile,polar_aprotic,room_temp,other
1428,CCCCl,1°,Cl,O,weak_nucleophile,polar_aprotic,heat,SN2
1429,CC(C)Br,2°,Br,I-,strong_nucleophile,polar_protic,low,other
1430,CCC(C)Cl,2°,Cl,Br2,radical_source,polar_aprotic,room_temp,other
1431,CCl,methyl,Cl,Cl,acid,polar_aprotic,heat,other
1432,CC(C)(C)Cl,3°,Cl,CN-,strong_nucleophile,non_polar,low,other
1433,CCC(C)(C)I,3°,I,Br2,radical_source,polar_aprotic,room_temp,other
1434,CCC(C)Cl,2°,Cl,RS-,strong_nucleophile,polar_aprotic,low,SN2
1435,BrC1CCCCC1,2°,Br,CO,weak_nucleophile,polar_protic,room_temp,SN1
1436,CC(C)(C)Cl,3°,Cl,I-,strong_nucleophile,polar_aprotic,low,other
1437,CCC(C)(C)I,3°,I,RS-,strong_nucleophile,non_polar,low,other
1438,CC(C)Br,2°,Br,Cl,acid,polar_aprotic,low,other
1439,CC(C)Br,2°,Br,CN-,strong_nucleophile,polar_aprotic,heat,SN2
1440,CC(C)(C)Br,3°,Br,Cl2,radical_source,polar_protic,low,other
1441,CCBr,1°,Br,I-,strong_nucleophile,polar_aprotic,low,SN2
1442,C=C(C)C,alkene,None,Br2,radical_source,polar_protic,low,electrophilic_addition
1443,CC(C)(C)Cl,3°,Cl,[OH-],strong_base,polar_aprotic,heat,E2
1444,CCC(C)(C)Br,3°,Br,RS-,strong_nucleophile,polar_aprotic,low,other
1445,CC(C)I,2°,I,I-,strong_nucleophile,polar_protic,room_temp,other
1446,CCCCl,1°,Cl,Cl,acid,non_polar,heat,other
1447,CC(C)(C)Br,3°,Br,I-,strong_nucleophile,polar_protic,heat,other
1448,CI,methyl,I,CN-,strong_nucleophile,non_polar,low,SN2
1449,CC(C)Br,2°,Br,RS-,strong_nucleophile,non_polar,heat,other
1450,CCC(C)Cl,2°,Cl,Cl2,radical_source,non_polar,heat,other
1451,CCCCl,1°,Cl,Br,acid,polar_protic,low,other
1452,CCC(C)(C)Br,3°,Br,I-,strong_nucleophile,polar_protic,heat,other
1453,CCC(C)(C)Br,3°,Br,Cl,acid,polar_protic,low,other
1454,CCCCl,1°,Cl,Br,acid,polar_protic,low,other
1455,C=CC,alkene,None,Br2,radical_source,polar_aprotic,low,electrophilic_addition
1456,BrC1CCCCC1,2°,Br,Cl,acid,polar_aprotic,low,other
1457,CC(C)(C)Br,3°,Br,CN-,strong_nucleophile,polar_aprotic,low,other
1458,CCl,methyl,Cl,CC[O-],strong_base,polar_protic,room_temp,SN2
1459,CCC(C)Cl,2°,Cl,Br,acid,non_polar,room_temp,other
1460,CCC(C)(C)Br,3°,Br,RS-,strong_nucleophile,non_polar,room_temp,other
1461,BrC1CCCCC1,2°,Br,[OH-],strong_base,polar_protic,low,other
1462,CCC(C)Cl,2°,Cl,CN-,strong_nucleophile,polar_aprotic,room_temp,SN2
1463,CCBr,1°,Br,I-,strong_nucleophile,polar_aprotic,low,SN2
1464,CI,methyl,I,Cl,acid,polar_aprotic,room_temp,other
1465,CC(C)CBr,1°,Br,CO,weak_nucleophile,polar_aprotic,room_temp,SN2
1466,CCC(C)Cl,2°,Cl,Br,acid,polar_aprotic,room_temp,other
1467,C=CC,alkene,None,Cl2,radical_source,non_polar,room_temp,electrophilic_addition
1468,CC(C)(C)Cl,3°,Cl,I-,strong_nucleophile,non_polar,heat,other
1469,CI,methyl,I,RS-,strong_nucleophile,polar_aprotic,heat,SN2
1470,C=C(C)C,alkene,None,Cl,acid,polar_aprotic,low,electrophilic_addition
1471,CCCCl,1°,Cl,I-,strong_nucleophile,polar_protic,heat,SN2
1472,CCCCl,1°,Cl,CC[O-],strong_base,non_polar,room_temp,SN2
1473,CCBr,1°,Br,I-,strong_nucleophile,polar_protic,low,SN2
1474,CC(C)Br,2°,Br,I-,strong_nucleophile,polar_aprotic,heat,SN2
1475,CC(C)(C)Cl,3°,Cl,Cl,acid,polar_aprotic,low,other
1476,CI,methyl,I,Br,acid,non_polar,low,other
1477,CC(C)(C)Br,3°,Br,Br,acid,non_polar,room_temp,other
1478,CCBr,1°,Br,I-,strong_nucleophile,non_polar,low,SN2
1479,BrC1CCCCC1,2°,Br,CC[O-],strong_base,polar_aprotic,room_temp,other
1480,C1CCCCC1,alkane,None,Br2,radical_source,polar_protic,heat,radical_substitution
1481,CBr,methyl,Br,CN-,strong_nucleophile,polar_aprotic,low,SN2
1482,CCC(C)(C)Br,3°,Br,Br2,radical_source,polar_aprotic,heat,other
1483,BrC1CCCCC1,2°,Br,[OH-],strong_base,polar_protic,heat,E2
1484,CC(C)Br,2°,Br,CC[O-],strong_base,polar_aprotic,room_temp,other
1485,CCl,methyl,Cl,Br,acid,polar_aprotic,low,other
1486,C=C,alkene,None,Cl2,radical_source,polar_protic,low,electrophilic_addition
1487,CC(C)(C)Cl,3°,Cl,CO,weak_nucleophile,polar_protic,room_temp,SN1
1488,CCBr,1°,Br,Cl2,radical_source,non_polar,room_temp,other
1489,CC(C)(C)Cl,3°,Cl,O,weak_nucleophile,polar_aprotic,room_temp,other
1490,CCl,methyl,Cl,Br2,radical_source,non_polar,low,other
1491,CC(C)Br,2°,Br,CN-,strong_nucleophile,non_polar,low,other
1492,CBr,methyl,Br,RS-,strong_nucleophile,polar_aprotic,heat,SN2
1493,CCl,methyl,Cl,RS-,strong_nucleophile,polar_protic,heat,SN2
1494,C=C,alkene,None,Cl2,radical_source,polar_aprotic,heat,electrophilic_addition
1495,C=C,alkene,None,Br,acid,polar_aprotic,low,electrophilic_addition
1496,CC(C)I,2°,I,CC[O-],strong_base,polar_protic,room_temp,other
1497,CCl,methyl,Cl,O,weak_nucleophile,non_polar,low,SN2
1498,CBr,methyl,Br,CC[O-],strong_base,non_polar,heat,SN2
1499,CCl,methyl,Cl,RS-,strong_nucleophile,polar_protic,room_temp,SN2
1500,CBr,methyl,Br,Cl,acid,non_polar,low,other
1501,CC(C)CBr,1°,Br,Br2,radical_source,polar_aprotic,room_temp,other
1502,CBr,methyl,Br,[OH-],strong_base,polar_aprotic,room_temp,SN2
1503,CCCCl,1°,Cl,Br2,radical_source,non_polar,room_temp,other
1504,CI,methyl,I,[OH-],strong_base,polar_aprotic,low,SN2
1505,CC(C)I,2°,I,RS-,strong_nucleophile,non_polar,heat,other
1506,CC(C)(C)Br,3°,Br,Br,acid,polar_aprotic,low,other
1507,CBr,methyl,Br,O,weak_nucleophile,polar_aprotic,low,SN2
1508,CCCCI,1°,I,Br2,radical_source,polar_aprotic,room_temp,other
1509,C=C(C)C,alkene,None,Cl2,radical_source,non_polar,low,electrophilic_addition
1510,C1CCCCC1,alkane,None,Br2,radical_source,polar_aprotic,room_temp,radical_substitution
1511,C=C(C)C,alkene,None,Br,acid,polar_aprotic,heat,electrophilic_addition
1512,CC(C)(C)Cl,3°,Cl,CN-,strong_nucleophile,polar_aprotic,low,other
1513,CC(C)(C)Cl,3°,Cl,O,weak_nucleophile,polar_protic,heat,E1
1514,CC(C)C,alkane,None,Br2,radical_source,non_polar,room_temp,radical_substitution
1515,CCCCI,1°,I,Br,acid,non_polar,low,other
1516,CC(C)(C)Br,3°,Br,RS-,strong_nucleophile,polar_aprotic,heat,other
1517,CCCCI,1°,I,[OH-],strong_base,non_polar,room_temp,SN2
1518,CC(C)CBr,1°,Br,Br,acid,non_polar,room_temp,other
1519,CC(C)CBr,1°,Br,CC[O-],strong_base,non_polar,room_temp,SN2
1520,CI,methyl,I,CN-,strong_nucleophile,polar_aprotic,room_temp,SN2
1521,C=C(C)C,alkene,None,Br,acid,polar_protic,low,electrophilic_addition
1522,CCl,methyl,Cl,CO,weak_nucleophile,non_polar,heat,SN2
1523,CC(C)I,2°,I,Br,acid,polar_protic,low,other
1524,CCl,methyl,Cl,CN-,strong_nucleophile,polar_aprotic,low,SN2
1525,CC(C)Br,2°,Br,RS-,strong_nucleophile,non_polar,room_temp,other
1526,CC(C)(C)Br,3°,Br,CC[O-],strong_base,polar_protic,low,E2
1527,CC(C)(C)Br,3°,Br,Cl2,radical_source,polar_aprotic,heat,other
1528,CCC(C)Cl,2°,Cl,CC[O-],strong_base,non_polar,room_temp,other
1529,CC(C)Br,2°,Br,Br2,radical_source,non_polar,room_temp,other
1530,CCCCI,1°,I,I-,strong_nucleophile,polar_protic,low,SN2
1531,CCC(C)(C)Br,3°,Br,CC[O-],strong_base,polar_protic,heat,E2
1532,BrC1CCCCC1,2°,Br,O,weak_nucleophile,polar_aprotic,low,other
1533,CCBr,1°,Br,CO,weak_nucleophile,polar_protic,heat,SN2
1534,CCBr,1°,Br,O,weak_nucleophile,polar_aprotic,low,SN2
1535,CC(C)(C)Br,3°,Br,Br,acid,non_polar,room_temp,other
1536,CC(C)Br,2°,Br,CO,weak_nucleophile,non_polar,low,other
1537,CCCCl,1°,Cl,RS-,strong_nucleophile,non_polar,heat,SN2
1538,CCC(C)(C)Br,3°,Br,Cl2,radical_source,polar_protic,heat,other
1539,CCC(C)(C)I,3°,I,CN-,strong_nucleophile,polar_aprotic,room_temp,other
1540,CC(C)CBr,1°,Br,RS-,strong_nucleophile,polar_aprotic,low,SN2
1541,CCCCI,1°,I,I-,strong_nucleophile,polar_protic,heat,SN2
1542,CCC(C)(C)I,3°,I,CN-,strong_nucleophile,polar_aprotic,heat,other
1543,CC(C)Br,2°,Br,RS-,strong_nucleophile,polar_protic,room_temp,other
1544,CCCCl,1°,Cl,CC[O-],strong_base,polar_protic,low,SN2
1545,CC(C)Br,2°,Br,[OH-],strong_base,polar_aprotic,room_temp,other
1546,CCBr,1°,Br,I-,strong_nucleophile,polar_protic,room_temp,SN2
1547,CC(C)(C)Br,3°,Br,Cl,acid,polar_aprotic,heat,other
1548,CI,methyl,I,CO,weak_nucleophile,polar_aprotic,low,SN2
1549,CC(C)CBr,1°,Br,CN-,strong_nucleophile,polar_protic,low,SN2
1550,CC(C)I,2°,I,[OH-],strong_base,non_polar,low,other
1551,CC(C)(C)Br,3°,Br,Br,acid,polar_aprotic,room_temp,other
1552,CCCCI,1°,I,Br,acid,non_polar,room_temp,other
1553,CCl,methyl,Cl,[OH-],strong_base,polar_protic,low,SN2
1554,CC(C)Br,2°,Br,Cl2,radical_source,polar_aprotic,heat,other
1555,CC(C)Br,2°,Br,Cl,acid,non_polar,heat,other
1556,CC(C)(C)Br,3°,Br,Br,acid,polar_aprotic,low,other
1557,CCC(C)(C)Br,3°,Br,RS-,strong_nucleophile,polar_protic,low,other
1558,CC(C)I,2°,I,RS-,strong_nucleophile,polar_protic,heat,other
1559,CC(C)I,2°,I,Br,acid,polar_aprotic,heat,other
1560,BrC1CCCCC1,2°,Br,I-,strong_nucleophile,polar_aprotic,low,SN2
1561,CC(C)(C)Cl,3°,Cl,RS-,strong_nucleophile,polar_aprotic,room_temp,other
1562,BrC1CCCCC1,2°,Br,CO,weak_nucleophile,polar_protic,heat,SN1
1563,CBr,methyl,Br,CN-,strong_nucleophile,polar_aprotic,room_temp,SN2
1564,CC(C)(C)Cl,3°,Cl,CN-,strong_nucleophile,polar_aprotic,heat,other
1565,CCl,methyl,Cl,Br2,radical_source,polar_aprotic,low,other
1566,CC(C)I,2°,I,RS-,strong_nucleophile,polar_protic,low,other
1567,CC(C)(C)Cl,3°,Cl,[OH-],strong_base,polar_protic,heat,E2
1568,CCCCl,1°,Cl,CC[O-],strong_base,non_polar,low,SN2
1569,CCC(C)(C)Br,3°,Br,CO,weak_nucleophile,non_polar,room_temp,other
1570,C=CC,alkene,None,Br2,radical_source,polar_protic,heat,electrophilic_addition
1571,CCC(C)(C)I,3°,I,Cl2,radical_source,polar_aprotic,low,other
1572,CCl,methyl,Cl,I-,strong_nucleophile,polar_aprotic,low,SN2
1573,BrC1CCCCC1,2°,Br,Cl,acid,polar_protic,heat,other
1574,CCC(C)(C)Br,3°,Br,CC[O-],strong_base,non_polar,low,E2
1575,CC(C)(C)Cl,3°,Cl,O,weak_nucleophile,polar_protic,low,SN1
1576,CC(C)(C)Br,3°,Br,O,weak_nucleophile,non_polar,low,other
1577,CCBr,1°,Br,[OH-],strong_base,polar_protic,low,SN2
1578,CCC(C)Cl,2°,Cl,O,weak_nucleophile,polar_aprotic,heat,other
1579,CCC(C)(C)I,3°,I,RS-,strong_nucleophile,polar_protic,heat,other
1580,BrC1CCCCC1,2°,Br,CN-,strong_nucleophile,polar_protic,room_temp,other
1581,CC(C)Br,2°,Br,Br,acid,polar_protic,heat,other
1582,CCC(C)Cl,2°,Cl,CC[O-],strong_base,polar_aprotic,room_temp,other
1583,CC(C)CBr,1°,Br,I-,strong_nucleophile,polar_protic,heat,SN2
1584,CCCCl,1°,Cl,Br2,radical_source,polar_protic,low,other
1585,CCBr,1°,Br,Br2,radical_source,polar_aprotic,low,other
1586,CC(C)Br,2°,Br,Br2,radical_source,polar_protic,heat,other
1587,CCl,methyl,Cl,Cl2,radical_source,polar_protic,room_temp,other
1588,CI,methyl,I,Br2,radical_source,polar_aprotic,heat,other
1589,CCBr,1°,Br,I-,strong_nucleophile,polar_aprotic,heat,SN2
1590,CBr,methyl,Br,RS-,strong_nucleophile,polar_protic,low,SN2
1591,BrC1CCCCC1,2°,Br,Cl,acid,non_polar,heat,other
1592,CC(C)(C)Br,3°,Br,RS-,strong_nucleophile,polar_protic,low,other
1593,CC(C)(C)Br,3°,Br,Br2,radical_source,polar_aprotic,heat,other
1594,CI,methyl,I,Cl,acid,polar_protic,room_temp,other
1595,CCC(C)Cl,2°,Cl,CN-,strong_nucleophile,polar_aprotic,heat,SN2
1596,CCC(C)(C)I,3°,I,RS-,strong_nucleophile,polar_aprotic,low,other
1597,CC(C)(C)Br,3°,Br,[OH-],strong_base,polar_protic,heat,E2
1598,CC(C)(C)Cl,3°,Cl,Cl,acid,polar_aprotic,heat,other
1599,CCC(C)Cl,2°,Cl,Cl2,radical_source,non_polar,heat,other
1600,CCCCl,1°,Cl,CO,weak_nucleophile,polar_aprotic,heat,SN2
1601,CCCCl,1°,Cl,CC[O-],strong_base,polar_protic,low,SN2
1602,CCC(C)(C)Br,3°,Br,Br2,radical_source,non_polar,room_temp,other
1603,CCC(C)Cl,2°,Cl,Cl2,radical_source,polar_aprotic,low,other
1604,CCC(C)Cl,2°,Cl,Cl,acid,polar_protic,room_temp,other
1605,BrC1CCCCC1,2°,Br,CC[O-],strong_base,non_polar,room_temp,other
1606,CC(C)I,2°,I,Br2,radical_source,polar_protic,heat,other
1607,CI,methyl,I,CN-,strong_nucleophile,polar_protic,room_temp,SN2
1608,CBr,methyl,Br,Cl,acid,polar_protic,low,other
1609,CCC(C)(C)I,3°,I,O,weak_nucleophile,polar_protic,room_temp,SN1
1610,CC(C)CBr,1°,Br,CO,weak_nucleophile,polar_protic,heat,SN2
1611,CCC(C)(C)Br,3°,Br,RS-,strong_nucleophile,polar_aprotic,low,other
1612,C=CC,alkene,None,Cl,acid,polar_aprotic,heat,electrophilic_addition
1613,CC(C)(C)Br,3°,Br,Cl2,radical_source,polar_aprotic,room_temp,other
1614,CCC(C)(C)I,3°,I,CN-,strong_nucleophile,polar_protic,low,other
1615,CCBr,1°,Br,CO,weak_nucleophile,polar_protic,heat,SN2
1616,CC(C)I,2°,I,O,weak_nucleophile,polar_aprotic,room_temp,other
1617,CCCCI,1°,I,O,weak_nucleophile,polar_protic,heat,SN2
1618,CCCCl,1°,Cl,Cl2,radical_source,polar_protic,heat,other
1619,CCl,methyl,Cl,Cl2,radical_source,non_polar,low,other
1620,CC(C)(C)Br,3°,Br,CO,weak_nucleophile,polar_aprotic,heat,other
1621,CC(C)Br,2°,Br,[OH-],strong_base,polar_protic,room_temp,other
1622,CCBr,1°,Br,[OH-],strong_base,polar_protic,room_temp,SN2
1623,C=CC,alkene,None,Cl2,radical_source,non_polar,heat,electrophilic_addition
1624,C=C,alkene,None,Br2,radical_source,non_polar,heat,electrophilic_addition
1625,CCCCl,1°,Cl,[OH-],strong_base,polar_protic,heat,SN2
1626,CCl,methyl,Cl,[OH-],strong_base,polar_protic,room_temp,SN2
1627,CI,methyl,I,Cl,acid,polar_protic,low,other
1628,CC(C)CBr,1°,Br,Br2,radical_source,polar_aprotic,room_temp,other
1629,CCCCl,1°,Cl,CN-,strong_nucleophile,non_polar,room_temp,SN2
1630,CCC(C)(C)I,3°,I,Br2,radical_source,non_polar,heat,other
1631,CC(C)(C)Cl,3°,Cl,CC[O-],strong_base,polar_aprotic,heat,E2
1632,CCCCI,1°,I,Cl2,radical_source,polar_protic,heat,other
1633,CCC(C)(C)Br,3°,Br,Br2,radical_source,non_polar,heat,other
1634,CC(C)(C)Br,3°,Br,Br,acid,polar_aprotic,low,other
1635,CCC(C)(C)Br,3°,Br,I-,strong_nucleophile,non_polar,heat,other
1636,CC(C)I,2°,I,I-,strong_nucleophile,polar_protic,low,other
1637,CCC(C)(C)I,3°,I,I-,strong_nucleophile,polar_aprotic,heat,other
1638,CCBr,1°,Br,I-,strong_nucleophile,polar_aprotic,low,SN2
1639,CCC,alkane,None,Br2,radical_source,polar_aprotic,room_temp,radical_substitution
1640,CBr,methyl,Br,O,weak_nucleophile,non_polar,room_temp,SN2
1641,CCC(C)(C)Br,3°,Br,[OH-],strong_base,polar_aprotic,heat,E2
1642,C=C,alkene,None,Br2,radical_source,polar_protic,low,electrophilic_addition
1643,CI,methyl,I,CO,weak_nucleophile,polar_aprotic,low,SN2
1644,CI,methyl,I,Br2,radical_source,polar_aprotic,low,other
1645,CCC(C)(C)Br,3°,Br,Br,acid,polar_protic,low,other
1646,CC(C)CBr,1°,Br,Cl,acid,non_polar,room_temp,other
1647,CC(C)(C)Cl,3°,Cl,Cl2,radical_source,non_polar,room_temp,other
1648,CCCCl,1°,Cl,CO,weak_nucleophile,polar_protic,room_temp,SN2
1649,CCCCl,1°,Cl,Br,acid,polar_protic,low,other
1650,CCC(C)(C)Br,3°,Br,Br,acid,polar_protic,room_temp,other
1651,CCCCI,1°,I,CN-,strong_nucleophile,polar_aprotic,room_temp,SN2
1652,BrC1CCCCC1,2°,Br,RS-,strong_nucleophile,polar_aprotic,heat,SN2
1653,CCCCl,1°,Cl,CC[O-],strong_base,polar_protic,low,SN2
1654,CC(C)I,2°,I,[OH-],strong_base,polar_aprotic,room_temp,other
1655,CCC(C)(C)I,3°,I,Cl,acid,polar_aprotic,heat,other
1656,CCC(C)(C)I,3°,I,I-,strong_nucleophile,non_polar,heat,other
1657,CCBr,1°,Br,I-,strong_nucleophile,polar_aprotic,room_temp,SN2
1658,CI,methyl,I,CC[O-],strong_base,polar_protic,room_temp,SN2
1659,CI,methyl,I,Cl2,radical_source,non_polar,room_temp,other
1660,CCCCI,1°,I,Br,acid,polar_protic,heat,other
1661,CBr,methyl,Br,Cl2,radical_source,non_polar,low,other
1662,CC(C)(C)Br,3°,Br,Cl2,radical_source,polar_aprotic,heat,other
1663,CC(C)(C)Br,3°,Br,Br2,radical_source,polar_protic,heat,other
1664,CC(C)(C)Br,3°,Br,CO,weak_nucleophile,polar_protic,room_temp,SN1
1665,CC(C)(C)Cl,3°,Cl,Cl,acid,polar_protic,heat,other
1666,CCC(C)Cl,2°,Cl,I-,strong_nucleophile,polar_protic,low,other
1667,C=C(C)C,alkene,None,Br,acid,polar_aprotic,low,electrophilic_addition
1668,CCC(C)(C)I,3°,I,[OH-],strong_base,polar_aprotic,heat,E2
1669,CBr,methyl,Br,Cl2,radical_source,polar_protic,heat,other
1670,CCBr,1°,Br,RS-,strong_nucleophile,non_polar,room_temp,SN2
1671,CCl,methyl,Cl,CC[O-],strong_base,polar_protic,room_temp,SN2
1672,CCBr,1°,Br,CN-,strong_nucleophile,polar_aprotic,low,SN2
1673,BrC1CCCCC1,2°,Br,CN-,strong_nucleophile,polar_aprotic,low,SN2
1674,CI,methyl,I,CC[O-],strong_base,polar_protic,heat,SN2
1675,CBr,methyl,Br,CC[O-],strong_base,polar_protic,low,SN2
1676,CI,methyl,I,Br2,radical_source,non_polar,heat,other
1677,CC(C)(C)Br,3°,Br,CN-,strong_nucleophile,polar_aprotic,low,other
1678,CC(C)(C)Cl,3°,Cl,CC[O-],strong_base,polar_protic,room_temp,E2
1679,CCl,methyl,Cl,Br2,radical_source,polar_aprotic,heat,other
1680,C1CCCCC1,alkane,None,Br2,radical_source,polar_aprotic,room_temp,radical_substitution
1681,CBr,methyl,Br,[OH-],strong_base,polar_aprotic,heat,SN2
1682,CC(C)CBr,1°,Br,O,weak_nucleophile,polar_aprotic,room_temp,SN2
1683,CC(C)(C)Br,3°,Br,CO,weak_nucleophile,polar_aprotic,room_temp,other
1684,CCC(C)Cl,2°,Cl,Cl2,radical_source,polar_aprotic,low,other
1685,CCBr,1°,Br,RS-,strong_nucleophile,polar_protic,room_temp,SN2
1686,CC(C)Br,2°,Br,[OH-],strong_base,polar_protic,room_temp,other
1687,CC(C)I,2°,I,I-,strong_nucleophile,polar_aprotic,heat,SN2
1688,CCBr,1°,Br,Br,acid,non_polar,low,other
1689,CC(C)CBr,1°,Br,O,weak_nucleophile,polar_aprotic,heat,SN2
1690,CC(C)CBr,1°,Br,CC[O-],strong_base,non_polar,heat,SN2
1691,CC(C)(C)Br,3°,Br,CN-,strong_nucleophile,polar_protic,low,other
1692,CCCCI,1°,I,CC[O-],strong_base,non_polar,heat,SN2
1693,C=C(C)C,alkene,None,Br,acid,polar_protic,room_temp,electrophilic_addition
1694,CC(C)(C)Cl,3°,Cl,I-,strong_nucleophile,polar_aprotic,low,other
1695,CC(C)I,2°,I,CO,weak_nucleophile,polar_protic,room_temp,SN1
1696,C=CC,alkene,None,Cl,acid,polar_aprotic,room_temp,electrophilic_addition
1697,CCC(C)Cl,2°,Cl,Br2,radical_source,polar_protic,heat,other
1698,CC(C)I,2°,I,Cl2,radical_source,non_polar,room_temp,other
1699,CC(C)Br,2°,Br,RS-,strong_nucleophile,polar_protic,room_temp,other
1700,CCC(C)(C)Br,3°,Br,CN-,strong_nucleophile,non_polar,room_temp,other
1701,CCBr,1°,Br,CC[O-],strong_base,non_polar,room_temp,SN2
1702,C1CCCCC1,alkane,None,Cl2,radical_source,non_polar,heat,radical_substitution
1703,CCCCI,1°,I,RS-,strong_nucleophile,non_polar,heat,SN2
1704,CCC(C)Cl,2°,Cl,[OH-],strong_base,polar_aprotic,heat,E2
1705,CCl,methyl,Cl,CN-,strong_nucleophile,polar_protic,low,SN2
1706,CC(C)CBr,1°,Br,Cl,acid,polar_aprotic,room_temp,other
1707,CCC(C)(C)Br,3°,Br,CC[O-],strong_base,polar_aprotic,low,E2
1708,CCCCl,1°,Cl,Br,acid,non_polar,room_temp,other
1709,CCCCI,1°,I,Br2,radical_source,polar_protic,low,other
1710,CI,methyl,I,RS-,strong_nucleophile,polar_protic,room_temp,SN2
1711,CCBr,1°,Br,CN-,strong_nucleophile,polar_aprotic,room_temp,SN2
1712,CBr,methyl,Br,[OH-],strong_base,polar_aprotic,heat,SN2
1713,CC(C)I,2°,I,Br,acid,non_polar,room_temp,other
1714,CCl,methyl,Cl,O,weak_nucleophile,non_polar,low,SN2
1715,C=C(C)C,alkene,None,Cl,acid,polar_protic,low,electrophilic_addition
1716,CCC(C)(C)Br,3°,Br,[OH-],strong_base,polar_aprotic,room_temp,E2
1717,CCC(C)Cl,2°,Cl,CC[O-],strong_base,polar_protic,room_temp,other
1718,CC(C)C,alkane,None,Br2,radical_source,polar_protic,heat,radical_substitution
1719,C=C(C)C,alkene,None,Cl2,radical_source,non_polar,room_temp,electrophilic_addition
1720,CC(C)(C)Cl,3°,Cl,CN-,strong_nucleophile,polar_protic,low,other
1721,CC(C)CBr,1°,Br,RS-,strong_nucleophile,polar_protic,low,SN2
1722,CC(C)CBr,1°,Br,Cl,acid,non_polar,room_temp,other
1723,CC(C)I,2°,I,Cl,acid,polar_aprotic,heat,other
1724,CBr,methyl,Br,Br2,radical_source,polar_aprotic,room_temp,other
1725,CC(C)I,2°,I,O,weak_nucleophile,polar_protic,room_temp,SN1
1726,C=C,alkene,None,Br,acid,non_polar,low,electrophilic_addition
1727,CCC(C)(C)Br,3°,Br,Br2,radical_source,polar_aprotic,low,other
1728,CC(C)CBr,1°,Br,Cl,acid,polar_aprotic,low,other
1729,BrC1CCCCC1,2°,Br,Cl,acid,non_polar,low,other
1730,CI,methyl,I,[OH-],strong_base,polar_aprotic,heat,SN2
1731,C=CC,alkene,None,Cl2,radical_source,polar_aprotic,room_temp,electrophilic_addition
1732,CI,methyl,I,I-,strong_nucleophile,polar_protic,room_temp,SN2
1733,CC(C)Br,2°,Br,Cl2,radical_source,polar_aprotic,room_temp,other
1734,CC(C)(C)Cl,3°,Cl,O,weak_nucleophile,polar_aprotic,room_temp,other
1735,CC(C)CBr,1°,Br,CN-,strong_nucleophile,polar_protic,low,SN2
1736,CC(C)(C)Br,3°,Br,[OH-],strong_base,polar_aprotic,room_temp,E2
1737,CCC(C)(C)Br,3°,Br,Cl,acid,polar_protic,room_temp,other
1738,CC(C)(C)Br,3°,Br,CN-,strong_nucleophile,polar_aprotic,heat,other
1739,CC(C)CBr,1°,Br,CN-,strong_nucleophile,non_polar,low,SN2
1740,CCC(C)(C)I,3°,I,I-,strong_nucleophile,non_polar,room_temp,other
1741,CCBr,1°,Br,Cl,acid,polar_aprotic,low,other
1742,CCC(C)(C)Br,3°,Br,RS-,strong_nucleophile,non_polar,heat,other
1743,CI,methyl,I,Br2,radical_source,polar_aprotic,heat,other
1744,CCl,methyl,Cl,Br2,radical_source,polar_protic,heat,other
1745,CCC(C)(C)Br,3°,Br,Cl2,radical_source,polar_aprotic,heat,other
1746,CC(C)(C)Br,3°,Br,Cl,acid,polar_protic,low,other
1747,CC(C)(C)Br,3°,Br,Cl2,radical_source,polar_protic,low,other
1748,CCC(C)(C)I,3°,I,CN-,strong_nucleophile,non_polar,low,other
1749,CCCCl,1°,Cl,CN-,strong_nucleophile,polar_protic,low,SN2
1750,CCCCl,1°,Cl,O,weak_nucleophile,polar_aprotic,heat,SN2
1751,CBr,methyl,Br,[OH-],strong_base,polar_aprotic,heat,SN2
1752,CCCCl,1°,Cl,Br,acid,non_polar,room_temp,other
1753,CCBr,1°,Br,CN-,strong_nucleophile,polar_aprotic,heat,SN2
1754,BrC1CCCCC1,2°,Br,CO,weak_nucleophile,polar_aprotic,low,other
1755,CCCCl,1°,Cl,Cl,acid,polar_protic,heat,other
1756,CCC(C)Cl,2°,Cl,I-,strong_nucleophile,non_polar,room_temp,other
1757,CC(C)Br,2°,Br,CC[O-],strong_base,polar_protic,heat,E2
1758,CCC(C)(C)I,3°,I,Cl2,radical_source,polar_aprotic,low,other
1759,CCC(C)(C)I,3°,I,O,weak_nucleophile,polar_aprotic,room_temp,other
1760,CC(C)Br,2°,Br,Br2,radical_source,polar_protic,heat,other
1761,CC(C)I,2°,I,I-,strong_nucleophile,polar_protic,heat,other
1762,CCC(C)(C)Br,3°,Br,Cl,acid,polar_protic,room_temp,other
1763,C=CC,alkene,None,Br,acid,polar_protic,low,electrophilic_addition
1764,BrC1CCCCC1,2°,Br,Br,acid,polar_protic,heat,other
1765,CC(C)CBr,1°,Br,[OH-],strong_base,polar_aprotic,low,SN2
1766,CC(C)(C)Br,3°,Br,Br,acid,non_polar,heat,other
1767,C=C,alkene,None,Cl2,radical_source,polar_protic,room_temp,electrophilic_addition
1768,CC(C)(C)Br,3°,Br,Cl,acid,polar_protic,heat,other
1769,CC(C)I,2°,I,I-,strong_nucleophile,polar_protic,heat,other
1770,CC(C)I,2°,I,[OH-],strong_base,polar_protic,low,other
1771,CC(C)(C)Br,3°,Br,[OH-],strong_base,polar_protic,room_temp,E2
1772,CC(C)(C)Cl,3°,Cl,CC[O-],strong_base,non_polar,low,E2
1773,CC(C)C,alkane,None,Br2,radical_source,polar_aprotic,room_temp,radical_substitution
1774,C=CC,alkene,None,Br,acid,non_polar,low,electrophilic_addition
1775,CCCCI,1°,I,RS-,strong_nucleophile,polar_protic,heat,SN2
1776,CC(C)I,2°,I,Br2,radical_source,non_polar,heat,other
1777,CCCCl,1°,Cl,[OH-],strong_base,polar_aprotic,heat,SN2
1778,C=CC,alkene,None,Br,acid,non_polar,low,electrophilic_addition
1779,CBr,methyl,Br,[OH-],strong_base,polar_aprotic,heat,SN2
1780,CCBr,1°,Br,Cl2,radical_source,polar_aprotic,low,other
1781,C1CCCCC1,alkane,None,Br2,radical_source,polar_aprotic,heat,radical_substitution
1782,CCCCl,1°,Cl,Br2,radical_source,non_polar,low,other
1783,CI,methyl,I,CO,weak_nucleophile,polar_aprotic,room_temp,SN2
1784,CCC(C)Cl,2°,Cl,CO,weak_nucleophile,polar_protic,heat,SN1
1785,CCCCl,1°,Cl,O,weak_nucleophile,polar_protic,room_temp,SN2
1786,CC(C)CBr,1°,Br,RS-,strong_nucleophile,polar_protic,low,SN2
1787,CC(C)(C)Cl,3°,Cl,O,weak_nucleophile,non_polar,heat,other
1788,CC(C)I,2°,I,CN-,strong_nucleophile,polar_protic,room_temp,other
1789,CC(C)(C)Cl,3°,Cl,RS-,strong_nucleophile,non_polar,low,other
1790,CCC(C)(C)Br,3°,Br,Br2,radical_source,polar_protic,heat,other
1791,CC(C)(C)Cl,3°,Cl,Br,acid,non_polar,low,other
1792,CCC(C)(C)Br,3°,Br,Br,acid,polar_protic,room_temp,other
1793,CI,methyl,I,O,weak_nucleophile,polar_protic,low,SN2
1794,CCCCI,1°,I,RS-,strong_nucleophile,polar_aprotic,low,SN2
1795,CBr,methyl,Br,RS-,strong_nucleophile,polar_protic,room_temp,SN2
1796,CC(C)(C)Cl,3°,Cl,O,weak_nucleophile,polar_aprotic,low,other
1797,CC(C)CBr,1°,Br,Br2,radical_source,polar_aprotic,room_temp,other
1798,CC(C)(C)Br,3°,Br,RS-,strong_nucleophile,polar_aprotic,low,other
1799,CCCCl,1°,Cl,CC[O-],strong_base,polar_protic,low,SN2
1800,CC(C)I,2°,I,[OH-],strong_base,polar_protic,room_temp,other
1801,CCCCI,1°,I,RS-,strong_nucleophile,polar_protic,low,SN2
1802,CBr,methyl,Br,Cl2,radical_source,polar_aprotic,low,other
1803,CCl,methyl,Cl,CC[O-],strong_base,polar_protic,low,SN2
1804,BrC1CCCCC1,2°,Br,Cl2,radical_source,polar_protic,room_temp,other
1805,C=CC,alkene,None,Br,acid,non_polar,room_temp,electrophilic_addition
1806,CC(C)I,2°,I,RS-,strong_nucleophile,polar_protic,heat,other
1807,CCCCI,1°,I,O,weak_nucleophile,polar_aprotic,heat,SN2
1808,CC(C)CBr,1°,Br,Cl2,radical_source,polar_aprotic,heat,other
1809,CCC(C)Cl,2°,Cl,[OH-],strong_base,polar_aprotic,low,other
1810,CCCCl,1°,Cl,O,weak_nucleophile,polar_protic,room_temp,SN2
1811,CCC(C)(C)Br,3°,Br,Cl2,radical_source,polar_protic,room_temp,other
1812,CC(C)CBr,1°,Br,CN-,strong_nucleophile,polar_protic,low,SN2
1813,CCC(C)(C)Br,3°,Br,Cl,acid,non_polar,room_temp,other
1814,CCBr,1°,Br,RS-,strong_nucleophile,non_polar,heat,SN2
1815,CCC,alkane,None,Cl2,radical_source,polar_aprotic,heat,radical_substitution
1816,CCCCI,1°,I,Br2,radical_source,non_polar,heat,other
1817,C=C,alkene,None,Cl2,radical_source,polar_aprotic,room_temp,electrophilic_addition
1818,CCBr,1°,Br,Br,acid,polar_protic,low,other
1819,CC(C)CBr,1°,Br,Cl,acid,polar_aprotic,heat,other
1820,CC(C)CBr,1°,Br,CN-,strong_nucleophile,polar_aprotic,room_temp,SN2
1821,BrC1CCCCC1,2°,Br,I-,strong_nucleophile,polar_aprotic,room_temp,SN2
1822,CC(C)CBr,1°,Br,CN-,strong_nucleophile,non_polar,room_temp,SN2
1823,CCl,methyl,Cl,I-,strong_nucleophile,non_polar,heat,SN2
1824,C=CC,alkene,None,Br,acid,non_polar,heat,electrophilic_addition
1825,CC(C)(C)Cl,3°,Cl,Br2,radical_source,polar_aprotic,low,other
1826,CC(C)I,2°,I,Br,acid,polar_protic,room_temp,other
1827,CCC(C)(C)I,3°,I,Br2,radical_source,non_polar,heat,other
1828,CI,methyl,I,I-,strong_nucleophile,non_polar,room_temp,SN2
1829,CCCCI,1°,I,CC[O-],strong_base,polar_protic,heat,SN2
1830,CC(C)(C)Br,3°,Br,[OH-],strong_base,non_polar,heat,E2
1831,CC(C)(C)Br,3°,Br,O,weak_nucleophile,polar_protic,low,SN1
1832,CCl,methyl,Cl,Cl2,radical_source,polar_protic,room_temp,other
1833,CCCCI,1°,I,CN-,strong_nucleophile,polar_protic,room_temp,SN2
1834,C1CCCCC1,alkane,None,Br2,radical_source,polar_aprotic,heat,radical_substitution
1835,CC(C)(C)Cl,3°,Cl,Cl,acid,polar_protic,heat,other
1836,CCCCl,1°,Cl,O,weak_nucleophile,polar_protic,low,SN2
1837,CCCCl,1°,Cl,RS-,strong_nucleophile,polar_aprotic,room_temp,SN2
1838,CC(C)(C)Cl,3°,Cl,I-,strong_nucleophile,non_polar,heat,other
1839,CCBr,1°,Br,Br2,radical_source,non_polar,low,other
1840,CCC(C)(C)Br,3°,Br,Br2,radical_source,polar_protic,heat,other
1841,CCCCl,1°,Cl,CO,weak_nucleophile,polar_protic,room_temp,SN2
1842,CCl,methyl,Cl,O,weak_nucleophile,non_polar,low,SN2
1843,CC(C)I,2°,I,Cl2,radical_source,polar_aprotic,room_temp,other
1844,CCBr,1°,Br,[OH-],strong_base,polar_aprotic,heat,SN2
1845,BrC1CCCCC1,2°,Br,CO,weak_nucleophile,polar_protic,low,SN1
1846,CCCCl,1°,Cl,I-,strong_nucleophile,non_polar,room_temp,SN2
1847,CCBr,1°,Br,CO,weak_nucleophile,polar_protic,low,SN2
1848,CCCCI,1°,I,I-,strong_nucleophile,polar_protic,heat,SN2
1849,CC(C)Br,2°,Br,O,weak_nucleophile,polar_protic,low,SN1
1850,CBr,methyl,Br,Br,acid,polar_protic,low,other
1851,CCC(C)(C)I,3°,I,Cl,acid,non_polar,low,other
1852,CCBr,1°,Br,RS-,strong_nucleophile,polar_aprotic,room_temp,SN2
1853,CC(C)I,2°,I,Cl2,radical_source,polar_protic,low,other
1854,CC(C)I,2°,I,CO,weak_nucleophile,non_polar,heat,other
1855,CCCCl,1°,Cl,CO,weak_nucleophile,polar_aprotic,room_temp,SN2
1856,CC(C)(C)Br,3°,Br,[OH-],strong_base,polar_aprotic,low,E2
1857,CC(C)CBr,1°,Br,RS-,strong_nucleophile,polar_aprotic,room_temp,SN2
1858,CCCCl,1°,Cl,CN-,strong_nucleophile,polar_protic,low,SN2
1859,CCC(C)Cl,2°,Cl,O,weak_nucleophile,polar_protic,heat,SN1
1860,CCC(C)(C)I,3°,I,O,weak_nucleophile,non_polar,heat,other
1861,CCC(C)(C)Br,3°,Br,CC[O-],strong_base,polar_protic,room_temp,E2
1862,CCC(C)(C)Br,3°,Br,O,weak_nucleophile,polar_aprotic,room_temp,other
1863,CCC(C)(C)Br,3°,Br,Br2,radical_source,polar_aprotic,heat,other
1864,CCBr,1°,Br,Br2,radical_source,polar_aprotic,room_temp,other
1865,CCCCI,1°,I,CN-,strong_nucleophile,non_polar,room_temp,SN2
1866,CCC(C)Cl,2°,Cl,[OH-],strong_base,polar_protic,room_temp,other
1867,CC(C)CBr,1°,Br,Cl,acid,polar_aprotic,room_temp,other
1868,BrC1CCCCC1,2°,Br,I-,strong_nucleophile,polar_protic,low,other
1869,CI,methyl,I,CO,weak_nucleophile,non_polar,heat,SN2
1870,CCl,methyl,Cl,CO,weak_nucleophile,polar_aprotic,heat,SN2
1871,CC(C)(C)Cl,3°,Cl,Br,acid,polar_protic,low,other
1872,CCC(C)(C)Br,3°,Br,O,weak_nucleophile,polar_aprotic,low,other
1873,BrC1CCCCC1,2°,Br,RS-,strong_nucleophile,polar_protic,room_temp,other
1874,CCCCl,1°,Cl,CO,weak_nucleophile,polar_protic,low,SN2
1875,C=C,alkene,None,Cl,acid,polar_aprotic,room_temp,electrophilic_addition
1876,CC(C)I,2°,I,Br2,radical_source,polar_aprotic,heat,other
1877,C1CCCCC1,alkane,None,Cl2,radical_source,polar_protic,heat,radical_substitution
1878,CCCCl,1°,Cl,[OH-],strong_base,polar_aprotic,room_temp,SN2
1879,CCC(C)(C)Br,3°,Br,[OH-],strong_base,polar_protic,heat,E2
1880,CC(C)(C)Cl,3°,Cl,RS-,strong_nucleophile,polar_aprotic,low,other
1881,CC(C)CBr,1°,Br,Br,acid,polar_protic,room_temp,other
1882,CC(C)CBr,1°,Br,Br2,radical_source,polar_protic,low,other
1883,CCBr,1°,Br,CO,weak_nucleophile,polar_aprotic,room_temp,SN2
1884,CCl,methyl,Cl,CC[O-],strong_base,non_polar,low,SN2
1885,CC(C)(C)Cl,3°,Cl,RS-,strong_nucleophile,polar_protic,heat,other
1886,CCBr,1°,Br,I-,strong_nucleophile,polar_protic,room_temp,SN2
1887,CCl,methyl,Cl,Cl2,radical_source,polar_protic,room_temp,other
1888,CCl,methyl,Cl,RS-,strong_nucleophile,non_polar,low,SN2
1889,CCC(C)Cl,2°,Cl,RS-,strong_nucleophile,non_polar,room_temp,other
1890,C=CC,alkene,None,Br2,radical_source,polar_aprotic,heat,electrophilic_addition
1891,BrC1CCCCC1,2°,Br,Br2,radical_source,polar_protic,room_temp,other
1892,CC(C)CBr,1°,Br,Br,acid,polar_aprotic,low,other
1893,CCCCl,1°,Cl,Cl,acid,polar_aprotic,room_temp,other
1894,CC(C)CBr,1°,Br,Cl2,radical_source,polar_aprotic,room_temp,other
1895,CC(C)C,alkane,None,Cl2,radical_source,polar_aprotic,heat,radical_substitution
1896,CCCCl,1°,Cl,[OH-],strong_base,polar_aprotic,room_temp,SN2
1897,CC(C)I,2°,I,[OH-],strong_base,polar_protic,room_temp,other
1898,CC(C)CBr,1°,Br,I-,strong_nucleophile,polar_protic,room_temp,SN2
1899,CC(C)(C)Cl,3°,Cl,O,weak_nucleophile,polar_protic,low,SN1
1900,CC(C)(C)Cl,3°,Cl,Cl,acid,polar_protic,low,other
1901,CCCCl,1°,Cl,Br2,radical_source,polar_aprotic,room_temp,other
1902,CCCCI,1°,I,CC[O-],strong_base,non_polar,room_temp,SN2
1903,CC(C)I,2°,I,Cl2,radical_source,non_polar,low,other
1904,CCl,methyl,Cl,Cl2,radical_source,polar_protic,low,other
1905,C=C(C)C,alkene,None,Cl,acid,polar_protic,room_temp,electrophilic_addition
1906,C=C(C)C,alkene,None,Br,acid,non_polar,low,electrophilic_addition
1907,CC(C)I,2°,I,Br,acid,polar_aprotic,heat,other
1908,CC(C)(C)Br,3°,Br,CN-,strong_nucleophile,polar_aprotic,heat,other
1909,CCCCl,1°,Cl,[OH-],strong_base,polar_protic,room_temp,SN2
1910,BrC1CCCCC1,2°,Br,RS-,strong_nucleophile,polar_protic,room_temp,other
1911,CC(C)C,alkane,None,Br2,radical_source,polar_aprotic,room_temp,radical_substitution
1912,CCCCl,1°,Cl,Br2,radical_source,non_polar,low,other
1913,CCBr,1°,Br,[OH-],strong_base,polar_aprotic,low,SN2
1914,CC(C)Br,2°,Br,Br,acid,polar_aprotic,heat,other
1915,CBr,methyl,Br,[OH-],strong_base,polar_aprotic,room_temp,SN2
1916,CCCCl,1°,Cl,Cl,acid,polar_protic,heat,other
1917,CC(C)(C)Cl,3°,Cl,Br,acid,polar_aprotic,room_temp,other
1918,C=CC,alkene,None,Cl,acid,polar_protic,heat,electrophilic_addition
1919,CC(C)(C)Br,3°,Br,[OH-],strong_base,polar_aprotic,room_temp,E2
1920,CCl,methyl,Cl,CC[O-],strong_base,polar_protic,room_temp,SN2
1921,CCC,alkane,None,Cl2,radical_source,non_polar,heat,radical_substitution
1922,CC(C)CBr,1°,Br,Cl,acid,non_polar,room_temp,other
1923,CBr,methyl,Br,CN-,strong_nucleophile,non_polar,low,SN2
1924,CBr,methyl,Br,O,weak_nucleophile,polar_protic,low,SN2
1925,C=CC,alkene,None,Br,acid,polar_aprotic,room_temp,electrophilic_addition
1926,CCl,methyl,Cl,Cl,acid,non_polar,room_temp,other
1927,CI,methyl,I,Br2,radical_source,polar_aprotic,heat,other
1928,CC(C)CBr,1°,Br,Br2,radical_source,polar_aprotic,room_temp,other
1929,CCC(C)(C)I,3°,I,CO,weak_nucleophile,polar_aprotic,heat,other
1930,CCBr,1°,Br,[OH-],strong_base,polar_protic,low,SN2
1931,CCl,methyl,Cl,Br,acid,polar_aprotic,low,other
1932,CC(C)(C)Br,3°,Br,[OH-],strong_base,polar_aprotic,room_temp,E2
1933,CC(C)(C)Cl,3°,Cl,CN-,strong_nucleophile,non_polar,low,other
1934,CC(C)CBr,1°,Br,Cl2,radical_source,non_polar,low,other
1935,CBr,methyl,Br,Br2,radical_source,polar_aprotic,room_temp,other
1936,CCCCl,1°,Cl,[OH-],strong_base,polar_aprotic,heat,SN2
1937,C=C(C)C,alkene,None,Cl,acid,polar_protic,room_temp,electrophilic_addition
1938,CCBr,1°,Br,[OH-],strong_base,polar_protic,heat,SN2
1939,CC(C)(C)Br,3°,Br,CN-,strong_nucleophile,polar_protic,low,other
1940,CCCCl,1°,Cl,Br,acid,polar_protic,room_temp,other
1941,BrC1CCCCC1,2°,Br,CO,weak_nucleophile,non_polar,low,other
1942,CC(C)I,2°,I,Br2,radical_source,non_polar,heat,other
1943,CCC(C)Cl,2°,Cl,O,weak_nucleophile,polar_aprotic,low,other
1944,CC(C)CBr,1°,Br,I-,strong_nucleophile,polar_aprotic,room_temp,SN2
1945,CC(C)C,alkane,None,Br2,radical_source,non_polar,heat,radical_substitution
1946,CC(C)(C)Br,3°,Br,I-,strong_nucleophile,polar_aprotic,room_temp,other
1947,CC(C)Br,2°,Br,CO,weak_nucleophile,polar_aprotic,heat,other
1948,CBr,methyl,Br,[OH-],strong_base,polar_protic,low,SN2
1949,CC(C)Br,2°,Br,CC[O-],strong_base,polar_aprotic,heat,E2
1950,CC(C)CBr,1°,Br,CN-,strong_nucleophile,polar_aprotic,low,SN2
1951,CBr,methyl,Br,Cl2,radical_source,polar_aprotic,room_temp,other
1952,CC(C)CBr,1°,Br,Cl,acid,polar_protic,room_temp,other
1953,CC(C)Br,2°,Br,CN-,strong_nucleophile,polar_protic,low,other
1954,CCC(C)Cl,2°,Cl,I-,strong_nucleophile,polar_aprotic,low,SN2
1955,C=C(C)C,alkene,None,Cl,acid,polar_protic,low,electrophilic_addition
1956,CCl,methyl,Cl,O,weak_nucleophile,polar_aprotic,heat,SN2
1957,CC(C)(C)Cl,3°,Cl,CN-,strong_nucleophile,non_polar,low,other
1958,CCC(C)Cl,2°,Cl,Br2,radical_source,polar_protic,heat,other
1959,CCl,methyl,Cl,Cl2,radical_source,polar_aprotic,low,other
1960,CC(C)(C)Br,3°,Br,RS-,strong_nucleophile,polar_protic,room_temp,other
1961,CI,methyl,I,Br2,radical_source,polar_aprotic,heat,other
1962,BrC1CCCCC1,2°,Br,I-,strong_nucleophile,non_polar,low,other
1963,CC(C)(C)Cl,3°,Cl,Br2,radical_source,polar_aprotic,room_temp,other
1964,CCCCI,1°,I,CC[O-],strong_base,polar_protic,heat,SN2
1965,CCl,methyl,Cl,O,weak_nucleophile,polar_aprotic,heat,SN2
1966,CCC(C)(C)Br,3°,Br,Br2,radical_source,polar_protic,heat,other
1967,CCBr,1°,Br,Br,acid,non_polar,room_temp,other
1968,CCC(C)Cl,2°,Cl,Br2,radical_source,polar_aprotic,room_temp,other
1969,CC(C)Br,2°,Br,Cl2,radical_source,polar_protic,low,other
1970,CC(C)CBr,1°,Br,CC[O-],strong_base,polar_protic,room_temp,SN2
1971,CBr,methyl,Br,CO,weak_nucleophile,polar_protic,heat,SN2
1972,CC(C)Br,2°,Br,Br,acid,polar_protic,room_temp,other
1973,CBr,methyl,Br,Br2,radical_source,non_polar,low,other
1974,CCC(C)(C)Br,3°,Br,I-,strong_nucleophile,non_polar,room_temp,other
1975,CC(C)(C)Br,3°,Br,Br2,radical_source,non_polar,room_temp,other
1976,CC(C)(C)Cl,3°,Cl,Cl2,radical_source,polar_protic,low,other
1977,C=CC,alkene,None,Cl2,radical_source,polar_aprotic,low,electrophilic_addition
1978,CC(C)I,2°,I,CO,weak_nucleophile,non_polar,low,other
1979,CCC(C)(C)I,3°,I,[OH-],strong_base,polar_aprotic,low,E2
1980,CCCCI,1°,I,CO,weak_nucleophile,non_polar,low,SN2
1981,CC(C)I,2°,I,I-,strong_nucleophile,polar_protic,room_temp,other
1982,C=C(C)C,alkene,None,Br2,radical_source,polar_aprotic,low,electrophilic_addition
1983,CC(C)(C)Br,3°,Br,CO,weak_nucleophile,polar_aprotic,low,other
1984,CCBr,1°,Br,Cl2,radical_source,non_polar,room_temp,other
1985,CC(C)Br,2°,Br,O,weak_nucleophile,polar_aprotic,heat,other
1986,CCBr,1°,Br,CO,weak_nucleophile,non_polar,room_temp,SN2
1987,CI,methyl,I,O,weak_nucleophile,polar_protic,heat,SN2
1988,CC(C)CBr,1°,Br,I-,strong_nucleophile,polar_protic,low,SN2
1989,CC(C)I,2°,I,CC[O-],strong_base,polar_protic,low,other
1990,CC(C)(C)Br,3°,Br,CN-,strong_nucleophile,polar_protic,low,other
1991,BrC1CCCCC1,2°,Br,CC[O-],strong_base,polar_protic,low,other
1992,CC(C)Br,2°,Br,Br,acid,polar_aprotic,low,other
1993,CCC(C)(C)Br,3°,Br,CO,weak_nucleophile,non_polar,low,other
1994,CC(C)(C)Br,3°,Br,RS-,strong_nucleophile,polar_aprotic,low,other
1995,CC(C)I,2°,I,[OH-],strong_base,non_polar,room_temp,other
1996,CCCCl,1°,Cl,CO,weak_nucleophile,polar_protic,low,SN2
1997,CC(C)CBr,1°,Br,CC[O-],strong_base,polar_protic,room_temp,SN2
1998,C1CCCCC1,alkane,None,Cl2,radical_source,polar_protic,heat,radical_substitution
1999,CBr,methyl,Br,I-,strong_nucleophile,polar_aprotic,low,SN2
2000,CCC(C)(C)I,3°,I,Cl2,radical_source,polar_aprotic,room_temp,other
2001,CCCCI,1°,I,[OH-],strong_base,polar_aprotic,room_temp,SN2
2002,C=CC,alkene,None,Br2,radical_source,polar_aprotic,heat,electrophilic_addition
2003,BrC1CCCCC1,2°,Br,O,weak_nucleophile,polar_aprotic,heat,other
2004,CC(C)CBr,1°,Br,RS-,strong_nucleophile,polar_protic,room_temp,SN2
2005,CI,methyl,I,Br2,radical_source,polar_protic,room_temp,other
2006,C=C,alkene,None,Cl,acid,polar_protic,heat,electrophilic_addition
2007,CC(C)I,2°,I,O,weak_nucleophile,non_polar,heat,other
2008,CC(C)(C)Cl,3°,Cl,[OH-],strong_base,polar_aprotic,heat,E2
2009,CC(C)I,2°,I,Br,acid,polar_aprotic,low,other
2010,CC(C)CBr,1°,Br,RS-,strong_nucleophile,polar_protic,room_temp,SN2
2011,CCC(C)(C)I,3°,I,Br2,radical_source,non_polar,heat,other
2012,CC(C)Br,2°,Br,CC[O-],strong_base,polar_aprotic,heat,E2
2013,CC(C)Br,2°,Br,Cl2,radical_source,polar_protic,heat,other
2014,CC(C)(C)Cl,3°,Cl,CO,weak_nucleophile,polar_protic,low,SN1
2015,CC(C)Br,2°,Br,CN-,strong_nucleophile,non_polar,heat,other
2016,CCC(C)Cl,2°,Cl,I-,strong_nucleophile,non_polar,heat,other
2017,CC(C)I,2°,I,CC[O-],strong_base,polar_protic,room_temp,other
2018,CCBr,1°,Br,[OH-],strong_base,polar_protic,low,SN2
2019,CCC(C)(C)Br,3°,Br,O,weak_nucleophile,polar_protic,heat,E1
2020,CC(C)(C)Cl,3°,Cl,RS-,strong_nucleophile,polar_protic,low,other
2021,CBr,methyl,Br,CO,weak_nucleophile,polar_protic,room_temp,SN2
2022,CC(C)CBr,1°,Br,CC[O-],strong_base,polar_protic,room_temp,SN2
2023,CBr,methyl,Br,O,weak_nucleophile,non_polar,low,SN2
2024,CC(C)I,2°,I,RS-,strong_nucleophile,non_polar,low,other
2025,C=CC,alkene,None,Cl2,radical_source,polar_aprotic,heat,electrophilic_addition
2026,CC(C)I,2°,I,Br,acid,polar_aprotic,heat,other
2027,CCC(C)Cl,2°,Cl,I-,strong_nucleophile,polar_protic,low,other
2028,CCl,methyl,Cl,Cl,acid,non_polar,low,other
2029,CC(C)(C)Br,3°,Br,CO,weak_nucleophile,non_polar,heat,other
2030,CI,methyl,I,Br,acid,polar_aprotic,room_temp,other
2031,CC(C)CBr,1°,Br,Br,acid,polar_aprotic,low,other
2032,C=CC,alkene,None,Cl2,radical_source,polar_aprotic,heat,electrophilic_addition
2033,CCC(C)(C)I,3°,I,CO,weak_nucleophile,polar_aprotic,low,other
2034,CC(C)CBr,1°,Br,CC[O-],strong_base,polar_aprotic,low,SN2
2035,CC(C)(C)Br,3°,Br,CC[O-],strong_base,non_polar,low,E2
2036,CC(C)CBr,1°,Br,[OH-],strong_base,polar_protic,room_temp,SN2
2037,BrC1CCCCC1,2°,Br,O,weak_nucleophile,polar_protic,heat,SN1
2038,CC(C)I,2°,I,CO,weak_nucleophile,polar_aprotic,heat,other
2039,CC(C)Br,2°,Br,CO,weak_nucleophile,non_polar,heat,other
2040,CCCCl,1°,Cl,Cl,acid,polar_aprotic,low,other
2041,CCC(C)(C)I,3°,I,CN-,strong_nucleophile,polar_aprotic,room_temp,other
2042,CC(C)(C)Cl,3°,Cl,Cl,acid,polar_protic,room_temp,other
2043,C1CCCCC1,alkane,None,Br2,radical_source,polar_aprotic,heat,radical_substitution
2044,C=C,alkene,None,Br,acid,polar_protic,room_temp,electrophilic_addition
2045,CCCCl,1°,Cl,RS-,strong_nucleophile,polar_aprotic,heat,SN2
2046,CBr,methyl,Br,[OH-],strong_base,polar_aprotic,low,SN2
2047,C=C,alkene,None,Cl2,radical_source,non_polar,heat,electrophilic_addition
2048,CC(C)CBr,1°,Br,CO,weak_nucleophile,polar_aprotic,heat,SN2
2049,CC(C)CBr,1°,Br,CC[O-],strong_base,polar_aprotic,room_temp,SN2
2050,CCC(C)(C)Br,3°,Br,[OH-],strong_base,polar_aprotic,heat,E2
2051,CCCCI,1°,I,RS-,strong_nucleophile,polar_protic,low,SN2
2052,CC(C)(C)Br,3°,Br,Br2,radical_source,non_polar,heat,other
2053,CC(C)(C)Cl,3°,Cl,CN-,strong_nucleophile,polar_aprotic,heat,other
2054,CCCCl,1°,Cl,Br,acid,polar_aprotic,heat,other
2055,CC(C)CBr,1°,Br,[OH-],strong_base,non_polar,heat,SN2
2056,CCCCI,1°,I,Br2,radical_source,polar_protic,heat,other
2057,CI,methyl,I,RS-,strong_nucleophile,non_polar,room_temp,SN2
2058,C=C(C)C,alkene,None,Cl2,radical_source,polar_protic,low,electrophilic_addition
2059,CCC(C)Cl,2°,Cl,CN-,strong_nucleophile,polar_protic,low,other
2060,C=CC,alkene,None,Br,acid,polar_aprotic,room_temp,electrophilic_addition
2061,CCC(C)(C)Br,3°,Br,Cl2,radical_source,polar_protic,room_temp,other
2062,CC(C)CBr,1°,Br,CO,weak_nucleophile,polar_protic,room_temp,SN2
2063,CCBr,1°,Br,I-,strong_nucleophile,polar_aprotic,low,SN2
2064,CCBr,1°,Br,CC[O-],strong_base,polar_aprotic,room_temp,SN2
2065,CCC(C)(C)Br,3°,Br,CN-,strong_nucleophile,non_polar,heat,other
2066,CI,methyl,I,Cl,acid,polar_aprotic,heat,other
2067,CBr,methyl,Br,Br2,radical_source,polar_aprotic,heat,other
2068,CCBr,1°,Br,CN-,strong_nucleophile,non_polar,heat,SN2
2069,CBr,methyl,Br,CN-,strong_nucleophile,non_polar,room_temp,SN2
2070,C=CC,alkene,None,Cl2,radical_source,polar_protic,low,electrophilic_addition
2071,CBr,methyl,Br,CO,weak_nucleophile,polar_protic,room_temp,SN2
2072,CC(C)I,2°,I,Cl,acid,polar_protic,room_temp,other
2073,CCC(C)Cl,2°,Cl,Cl,acid,non_polar,heat,other
2074,CC(C)(C)Cl,3°,Cl,CN-,strong_nucleophile,polar_protic,room_temp,other
2075,CCC(C)(C)I,3°,I,RS-,strong_nucleophile,polar_protic,room_temp,other
2076,CBr,methyl,Br,Br2,radical_source,polar_aprotic,room_temp,other
2077,C=C,alkene,None,Cl,acid,non_polar,room_temp,electrophilic_addition
2078,CI,methyl,I,Cl,acid,polar_aprotic,heat,other
2079,CC(C)(C)Cl,3°,Cl,RS-,strong_nucleophile,polar_protic,heat,other
2080,CCCCI,1°,I,Br,acid,polar_protic,heat,other
2081,CC(C)Br,2°,Br,CO,weak_nucleophile,polar_protic,room_temp,SN1
2082,CC(C)Br,2°,Br,Br,acid,polar_aprotic,heat,other
2083,CI,methyl,I,I-,strong_nucleophile,polar_protic,heat,SN2
2084,CCCCl,1°,Cl,RS-,strong_nucleophile,non_polar,low,SN2
2085,CCC(C)(C)I,3°,I,CC[O-],strong_base,polar_protic,low,E2
2086,CCC(C)(C)Br,3°,Br,Br,acid,polar_aprotic,heat,other
2087,CCCCI,1°,I,CN-,strong_nucleophile,polar_aprotic,room_temp,SN2
2088,C=CC,alkene,None,Cl,acid,polar_aprotic,heat,electrophilic_addition
2089,CCl,methyl,Cl,CC[O-],strong_base,polar_aprotic,heat,SN2
2090,CC(C)CBr,1°,Br,Br2,radical_source,polar_aprotic,low,other
2091,CCBr,1°,Br,Cl,acid,polar_protic,heat,other
2092,CC(C)CBr,1°,Br,Br,acid,non_polar,low,other
2093,BrC1CCCCC1,2°,Br,Cl,acid,polar_protic,room_temp,other
2094,CC(C)Br,2°,Br,O,weak_nucleophile,polar_aprotic,room_temp,other
2095,CC(C)(C)Br,3°,Br,CO,weak_nucleophile,polar_protic,heat,E1
2096,CC(C)(C)Br,3°,Br,CC[O-],strong_base,polar_protic,low,E2
2097,CCC(C)(C)I,3°,I,Br2,radical_source,polar_aprotic,heat,other
2098,CC(C)I,2°,I,Cl,acid,non_polar,heat,other
2099,CC(C)(C)Br,3°,Br,O,weak_nucleophile,polar_aprotic,heat,other
2100,CCCCI,1°,I,CN-,strong_nucleophile,polar_aprotic,heat,SN2
2101,CC(C)(C)Cl,3°,Cl,Cl,acid,polar_aprotic,room_temp,other
2102,CCC(C)(C)Br,3°,Br,O,weak_nucleophile,non_polar,low,other
2103,CCC(C)(C)Br,3°,Br,[OH-],strong_base,polar_protic,low,E2
2104,CCC(C)Cl,2°,Cl,I-,strong_nucleophile,polar_protic,room_temp,other
2105,C=CC,alkene,None,Cl2,radical_source,polar_protic,heat,electrophilic_addition
2106,CBr,methyl,Br,I-,strong_nucleophile,polar_protic,room_temp,SN2
2107,CCCCI,1°,I,I-,strong_nucleophile,polar_protic,low,SN2
2108,CC(C)I,2°,I,Br,acid,polar_aprotic,low,other
2109,CCCCl,1°,Cl,[OH-],strong_base,non_polar,low,SN2
2110,CCC,alkane,None,Br2,radical_source,polar_aprotic,room_temp,radical_substitution
2111,CCBr,1°,Br,O,weak_nucleophile,non_polar,low,SN2
2112,CCl,methyl,Cl,RS-,strong_nucleophile,non_polar,room_temp,SN2
2113,CC(C)CBr,1°,Br,RS-,strong_nucleophile,polar_aprotic,room_temp,SN2
2114,CC(C)(C)Cl,3°,Cl,Cl2,radical_source,polar_protic,heat,other
2115,CCC(C)Cl,2°,Cl,Cl,acid,polar_aprotic,heat,other
2116,CC(C)(C)Br,3°,Br,CO,weak_nucleophile,non_polar,low,other
2117,CCC(C)(C)Br,3°,Br,O,weak_nucleophile,polar_aprotic,room_temp,other
2118,CCCCI,1°,I,Cl2,radical_source,polar_aprotic,low,other
2119,CCC(C)(C)I,3°,I,CN-,strong_nucleophile,polar_aprotic,heat,other
2120,CCC(C)(C)I,3°,I,O,weak_nucleophile,polar_aprotic,low,other
2121,CC(C)(C)Br,3°,Br,Cl2,radical_source,non_polar,heat,other
2122,CC(C)I,2°,I,I-,strong_nucleophile,non_polar,room_temp,other
2123,CI,methyl,I,Br2,radical_source,polar_aprotic,heat,other
2124,C=C,alkene,None,Br2,radical_source,non_polar,heat,electrophilic_addition
2125,CC(C)Br,2°,Br,Cl,acid,polar_protic,heat,other
2126,CC(C)CBr,1°,Br,RS-,strong_nucleophile,polar_aprotic,heat,SN2
2127,CCC(C)(C)Br,3°,Br,Br2,radical_source,polar_aprotic,low,other
2128,CCC(C)(C)I,3°,I,Cl2,radical_source,polar_protic,heat,other
2129,CCCCI,1°,I,RS-,strong_nucleophile,polar_aprotic,heat,SN2
2130,CCC(C)Cl,2°,Cl,Br2,radical_source,polar_aprotic,low,other
2131,C=C(C)C,alkene,None,Br,acid,polar_protic,low,electrophilic_addition
2132,CCBr,1°,Br,[OH-],strong_base,polar_aprotic,room_temp,SN2
2133,C=C(C)C,alkene,None,Br2,radical_source,polar_protic,room_temp,electrophilic_addition
2134,CCCCl,1°,Cl,CO,weak_nucleophile,polar_protic,low,SN2
2135,CBr,methyl,Br,Cl2,radical_source,polar_aprotic,heat,other
2136,C=CC,alkene,None,Cl2,radical_source,polar_aprotic,heat,electrophilic_addition
2137,CBr,methyl,Br,CC[O-],strong_base,polar_protic,heat,SN2
2138,CCC(C)(C)I,3°,I,Cl,acid,polar_protic,heat,other
2139,CCC(C)(C)I,3°,I,Br,acid,polar_protic,room_temp,other
2140,CC(C)I,2°,I,CO,weak_nucleophile,non_polar,heat,other
2141,CCl,methyl,Cl,CO,weak_nucleophile,polar_protic,heat,SN2
2142,CCCCl,1°,Cl,CO,weak_nucleophile,polar_aprotic,room_temp,SN2
2143,C=C(C)C,alkene,None,Br,acid,polar_aprotic,room_temp,electrophilic_addition
2144,CCC(C)(C)I,3°,I,[OH-],strong_base,non_polar,room_temp,E2
2145,BrC1CCCCC1,2°,Br,[OH-],strong_base,polar_aprotic,low,other
2146,CC(C)CBr,1°,Br,CN-,strong_nucleophile,non_polar,low,SN2
2147,CBr,methyl,Br,RS-,strong_nucleophile,polar_aprotic,heat,SN2
2148,CCCCl,1°,Cl,[OH-],strong_base,polar_protic,low,SN2
2149,CCBr,1°,Br,Br,acid,polar_protic,heat,other
2150,CCCCl,1°,Cl,RS-,strong_nucleophile,polar_aprotic,low,SN2
2151,C=C,alkene,None,Br,acid,polar_aprotic,room_temp,electrophilic_addition
2152,CCCCI,1°,I,CC[O-],strong_base,polar_protic,heat,SN2
2153,C=C(C)C,alkene,None,Cl2,radical_source,polar_aprotic,low,electrophilic_addition
2154,CC(C)Br,2°,Br,CN-,strong_nucleophile,polar_aprotic,room_temp,SN2
2155,CCCCI,1°,I,I-,strong_nucleophile,polar_protic,room_temp,SN2
2156,CC(C)I,2°,I,I-,strong_nucleophile,polar_protic,room_temp,other
2157,CC(C)(C)Cl,3°,Cl,Cl,acid,polar_aprotic,low,other
2158,CCCCI,1°,I,Br,acid,polar_protic,heat,other
2159,CCBr,1°,Br,[OH-],strong_base,non_polar,heat,SN2
2160,CC(C)CBr,1°,Br,Cl,acid,polar_protic,heat,other
2161,CC(C)C,alkane,None,Cl2,radical_source,polar_protic,room_temp,radical_substitution
2162,CCBr,1°,Br,CO,weak_nucleophile,polar_protic,room_temp,SN2
2163,CCl,methyl,Cl,Cl,acid,polar_protic,low,other
2164,CCC(C)Cl,2°,Cl,CN-,strong_nucleophile,polar_aprotic,heat,SN2
2165,CCBr,1°,Br,I-,strong_nucleophile,polar_aprotic,room_temp,SN2
2166,CCCCl,1°,Cl,Cl,acid,polar_aprotic,low,other
2167,CC(C)CBr,1°,Br,O,weak_nucleophile,non_polar,heat,SN2
2168,CCCCl,1°,Cl,CC[O-],strong_base,polar_aprotic,room_temp,SN2
2169,CBr,methyl,Br,[OH-],strong_base,polar_protic,room_temp,SN2
2170,CC(C)Br,2°,Br,[OH-],strong_base,polar_protic,heat,E2
2171,CC(C)I,2°,I,RS-,strong_nucleophile,polar_aprotic,heat,SN2
2172,CI,methyl,I,Cl2,radical_source,non_polar,room_temp,other
2173,CC(C)(C)Br,3°,Br,[OH-],strong_base,polar_protic,low,E2
2174,CC(C)(C)Br,3°,Br,O,weak_nucleophile,polar_aprotic,heat,other
2175,CC(C)I,2°,I,CN-,strong_nucleophile,polar_aprotic,room_temp,SN2
2176,CCC(C)Cl,2°,Cl,CC[O-],strong_base,polar_aprotic,heat,E2
2177,CI,methyl,I,I-,strong_nucleophile,polar_aprotic,low,SN2
2178,CC(C)I,2°,I,Br2,radical_source,polar_protic,low,other
2179,CC(C)CBr,1°,Br,[OH-],strong_base,polar_protic,heat,SN2
2180,CC(C)I,2°,I,CN-,strong_nucleophile,polar_aprotic,low,SN2
2181,CCC(C)(C)I,3°,I,[OH-],strong_base,polar_aprotic,heat,E2
2182,CC(C)I,2°,I,Br,acid,polar_protic,room_temp,other
2183,CCC(C)(C)Br,3°,Br,O,weak_nucleophile,polar_protic,room_temp,SN1
2184,CC(C)(C)Br,3°,Br,Br2,radical_source,non_polar,heat,other
2185,BrC1CCCCC1,2°,Br,CO,weak_nucleophile,polar_protic,low,SN1
2186,CCC(C)(C)Br,3°,Br,O,weak_nucleophile,polar_protic,heat,E1
2187,CC(C)I,2°,I,CC[O-],strong_base,polar_aprotic,heat,E2
2188,CCC(C)Cl,2°,Cl,CN-,strong_nucleophile,polar_protic,low,other
2189,CCC(C)(C)Br,3°,Br,Br2,radical_source,polar_aprotic,room_temp,other
2190,C=C(C)C,alkene,None,Br,acid,polar_aprotic,heat,electrophilic_addition
2191,CC(C)Br,2°,Br,Br2,radical_source,polar_aprotic,low,other
2192,CC(C)CBr,1°,Br,O,weak_nucleophile,polar_protic,low,SN2
2193,CCC(C)(C)Br,3°,Br,CN-,strong_nucleophile,polar_aprotic,room_temp,other
2194,CC(C)Br,2°,Br,CC[O-],strong_base,non_polar,heat,E2
2195,CI,methyl,I,[OH-],strong_base,polar_aprotic,low,SN2
2196,CCl,methyl,Cl,RS-,strong_nucleophile,polar_protic,room_temp,SN2
2197,CI,methyl,I,CN-,strong_nucleophile,polar_protic,room_temp,SN2
2198,C=C,alkene,None,Cl2,radical_source,polar_aprotic,room_temp,electrophilic_addition
2199,CCC(C)(C)I,3°,I,Br,acid,non_polar,low,other
2200,CCC(C)(C)I,3°,I,CN-,strong_nucleophile,polar_protic,room_temp,other
2201,C=CC,alkene,None,Cl,acid,polar_aprotic,room_temp,electrophilic_addition
2202,C=C(C)C,alkene,None,Br2,radical_source,polar_aprotic,room_temp,electrophilic_addition
2203,BrC1CCCCC1,2°,Br,CN-,strong_nucleophile,polar_protic,heat,other
2204,CC(C)CBr,1°,Br,Br2,radical_source,polar_protic,low,other
2205,CCC(C)(C)Br,3°,Br,Cl2,radical_source,polar_aprotic,heat,other
2206,CCCCI,1°,I,CO,weak_nucleophile,polar_protic,heat,SN2
2207,CCCCl,1°,Cl,CO,weak_nucleophile,polar_aprotic,low,SN2
2208,CC(C)(C)Cl,3°,Cl,Cl,acid,polar_aprotic,low,other
2209,CC(C)CBr,1°,Br,Cl,acid,polar_aprotic,low,other
2210,CCBr,1°,Br,O,weak_nucleophile,polar_protic,low,SN2
2211,CCC(C)Cl,2°,Cl,RS-,strong_nucleophile,non_polar,heat,other
2212,CCC,alkane,None,Br2,radical_source,polar_protic,room_temp,radical_substitution
2213,C=CC,alkene,None,Cl2,radical_source,non_polar,heat,electrophilic_addition
2214,BrC1CCCCC1,2°,Br,[OH-],strong_base,polar_protic,room_temp,other
2215,CC(C)Br,2°,Br,I-,strong_nucleophile,polar_protic,low,other
2216,CC(C)I,2°,I,[OH-],strong_base,polar_aprotic,heat,E2
2217,CC(C)(C)Br,3°,Br,[OH-],strong_base,polar_protic,room_temp,E2
2218,CCCCI,1°,I,Cl2,radical_source,non_polar,room_temp,other
2219,CC(C)Br,2°,Br,[OH-],strong_base,polar_aprotic,low,other
2220,BrC1CCCCC1,2°,Br,[OH-],strong_base,non_polar,room_temp,other
2221,CBr,methyl,Br,Cl,acid,polar_aprotic,room_temp,other
2222,CBr,methyl,Br,I-,strong_nucleophile,polar_protic,heat,SN2
2223,CCCCl,1°,Cl,Br2,radical_source,polar_protic,low,other
2224,CCCCl,1°,Cl,O,weak_nucleophile,non_polar,low,SN2
2225,CC(C)(C)Cl,3°,Cl,Cl2,radical_source,polar_protic,heat,other
2226,BrC1CCCCC1,2°,Br,CN-,strong_nucleophile,polar_aprotic,heat,SN2
2227,C=CC,alkene,None,Cl2,radical_source,polar_protic,heat,electrophilic_addition
2228,CCBr,1°,Br,O,weak_nucleophile,polar_aprotic,low,SN2
2229,CC(C)(C)Cl,3°,Cl,RS-,strong_nucleophile,polar_protic,room_temp,other
2230,CI,methyl,I,[OH-],strong_base,polar_aprotic,room_temp,SN2
2231,CCC(C)Cl,2°,Cl,RS-,strong_nucleophile,polar_aprotic,heat,SN2
2232,CI,methyl,I,CC[O-],strong_base,polar_protic,room_temp,SN2
2233,BrC1CCCCC1,2°,Br,Br,acid,non_polar,room_temp,other
2234,CC(C)Br,2°,Br,Cl,acid,non_polar,heat,other
2235,CCCCI,1°,I,Cl,acid,non_polar,heat,other
2236,CBr,methyl,Br,CC[O-],strong_base,polar_aprotic,low,SN2
2237,C=CC,alkene,None,Cl2,radical_source,polar_protic,heat,electrophilic_addition
2238,CCC(C)Cl,2°,Cl,CO,weak_nucleophile,polar_protic,low,SN1
2239,CCBr,1°,Br,Br,acid,polar_aprotic,room_temp,other
2240,CCC,alkane,None,Br2,radical_source,polar_protic,heat,radical_substitution
2241,CI,methyl,I,CN-,strong_nucleophile,polar_protic,heat,SN2
2242,CCBr,1°,Br,CN-,strong_nucleophile,non_polar,low,SN2
2243,CI,methyl,I,Cl2,radical_source,polar_aprotic,heat,other
2244,CCBr,1°,Br,Cl,acid,polar_protic,heat,other
2245,CCCCI,1°,I,CC[O-],strong_base,polar_aprotic,low,SN2
2246,CC(C)(C)Cl,3°,Cl,RS-,strong_nucleophile,polar_protic,room_temp,other
2247,CC(C)(C)Cl,3°,Cl,[OH-],strong_base,polar_protic,heat,E2
2248,CCBr,1°,Br,RS-,strong_nucleophile,non_polar,room_temp,SN2
2249,CCCCl,1°,Cl,CO,weak_nucleophile,non_polar,room_temp,SN2
2250,CC(C)CBr,1°,Br,[OH-],strong_base,polar_aprotic,low,SN2
2251,C1CCCCC1,alkane,None,Cl2,radical_source,polar_protic,room_temp,radical_substitution
2252,CI,methyl,I,I-,strong_nucleophile,polar_aprotic,low,SN2
2253,BrC1CCCCC1,2°,Br,Br2,radical_source,polar_protic,room_temp,other
2254,CCCCl,1°,Cl,CN-,strong_nucleophile,polar_protic,low,SN2
2255,CC(C)Br,2°,Br,Br2,radical_source,polar_protic,low,other
2256,CCC(C)(C)I,3°,I,I-,strong_nucleophile,polar_protic,low,other
2257,CC(C)I,2°,I,Cl,acid,polar_aprotic,low,other
2258,CCC,alkane,None,Cl2,radical_source,non_polar,room_temp,radical_substitution
2259,CCCCl,1°,Cl,Cl2,radical_source,polar_protic,heat,other
2260,CCC(C)Cl,2°,Cl,CC[O-],strong_base,polar_protic,room_temp,other
2261,CI,methyl,I,RS-,strong_nucleophile,polar_protic,room_temp,SN2
2262,BrC1CCCCC1,2°,Br,CC[O-],strong_base,polar_aprotic,heat,E2
2263,CC(C)Br,2°,Br,[OH-],strong_base,non_polar,heat,E2
2264,CCC(C)(C)Br,3°,Br,RS-,strong_nucleophile,polar_aprotic,heat,other
2265,CCC(C)(C)Br,3°,Br,I-,strong_nucleophile,polar_protic,room_temp,other
2266,CC(C)Br,2°,Br,I-,strong_nucleophile,polar_aprotic,room_temp,SN2
2267,CCC(C)(C)Br,3°,Br,O,weak_nucleophile,non_polar,low,other
2268,CC(C)CBr,1°,Br,RS-,strong_nucleophile,polar_protic,heat,SN2
2269,CCBr,1°,Br,RS-,strong_nucleophile,non_polar,low,SN2
2270,CC(C)CBr,1°,Br,I-,strong_nucleophile,polar_protic,room_temp,SN2
2271,CC(C)C,alkane,None,Cl2,radical_source,polar_protic,heat,radical_substitution
2272,CC(C)Br,2°,Br,CO,weak_nucleophile,polar_protic,room_temp,SN1
2273,CCC(C)(C)Br,3°,Br,Cl,acid,polar_protic,heat,other
2274,CCCCl,1°,Cl,CC[O-],strong_base,polar_aprotic,heat,SN2
2275,CCC(C)(C)I,3°,I,CC[O-],strong_base,polar_aprotic,heat,E2
2276,CC(C)CBr,1°,Br,O,weak_nucleophile,non_polar,heat,SN2
2277,CCl,methyl,Cl,RS-,strong_nucleophile,polar_protic,room_temp,SN2
2278,CI,methyl,I,CC[O-],strong_base,non_polar,low,SN2
2279,CC(C)CBr,1°,Br,RS-,strong_nucleophile,polar_protic,heat,SN2
2280,CC(C)I,2°,I,Br,acid,polar_protic,heat,other
2281,CC(C)Br,2°,Br,Br,acid,non_polar,heat,other
2282,CCl,methyl,Cl,O,weak_nucleophile,polar_aprotic,heat,SN2
2283,CC(C)CBr,1°,Br,Cl2,radical_source,non_polar,heat,other
2284,C=C(C)C,alkene,None,Cl,acid,polar_aprotic,low,electrophilic_addition
2285,CC(C)I,2°,I,CC[O-],strong_base,polar_aprotic,low,other
2286,CCl,methyl,Cl,CO,weak_nucleophile,non_polar,low,SN2
2287,CCBr,1°,Br,CN-,strong_nucleophile,polar_aprotic,low,SN2
2288,CCC(C)Cl,2°,Cl,[OH-],strong_base,non_polar,low,other
2289,C=CC,alkene,None,Cl2,radical_source,polar_protic,low,electrophilic_addition
2290,CC(C)I,2°,I,Cl2,radical_source,polar_aprotic,room_temp,other
2291,CC(C)CBr,1°,Br,CC[O-],strong_base,polar_aprotic,heat,SN2
2292,CC(C)CBr,1°,Br,O,weak_nucleophile,polar_protic,heat,SN2
2293,CCC(C)Cl,2°,Cl,CN-,strong_nucleophile,polar_protic,low,other
2294,CC(C)Br,2°,Br,CC[O-],strong_base,polar_protic,low,other
2295,C=C(C)C,alkene,None,Br,acid,non_polar,room_temp,electrophilic_addition
2296,CCC(C)(C)Br,3°,Br,Br2,radical_source,polar_protic,heat,other
2297,CC(C)(C)Br,3°,Br,O,weak_nucleophile,non_polar,low,other
2298,CCCCl,1°,Cl,CO,weak_nucleophile,polar_aprotic,heat,SN2
2299,CC(C)(C)Br,3°,Br,O,weak_nucleophile,polar_protic,heat,E1
2300,CCBr,1°,Br,[OH-],strong_base,polar_aprotic,low,SN2
2301,CCl,methyl,Cl,I-,strong_nucleophile,polar_aprotic,low,SN2
2302,CBr,methyl,Br,Cl2,radical_source,non_polar,low,other
2303,CCC(C)(C)I,3°,I,RS-,strong_nucleophile,polar_protic,heat,other
2304,CCC(C)Cl,2°,Cl,[OH-],strong_base,polar_aprotic,heat,E2
2305,CCCCl,1°,Cl,Cl2,radical_source,polar_aprotic,low,other
2306,CCC(C)(C)Br,3°,Br,Br2,radical_source,polar_protic,room_temp,other
2307,CC(C)Br,2°,Br,I-,strong_nucleophile,polar_protic,room_temp,other
2308,CBr,methyl,Br,I-,strong_nucleophile,polar_aprotic,room_temp,SN2
2309,CBr,methyl,Br,Br,acid,polar_protic,heat,other
2310,C=C(C)C,alkene,None,Cl2,radical_source,non_polar,low,electrophilic_addition
2311,BrC1CCCCC1,2°,Br,Cl,acid,non_polar,heat,other
2312,BrC1CCCCC1,2°,Br,Br,acid,non_polar,room_temp,other
2313,CCCCI,1°,I,I-,strong_nucleophile,polar_aprotic,room_temp,SN2
2314,BrC1CCCCC1,2°,Br,Br,acid,non_polar,low,other
2315,CCCCl,1°,Cl,Cl,acid,polar_aprotic,heat,other
2316,CCC(C)(C)Br,3°,Br,RS-,strong_nucleophile,polar_protic,heat,other
2317,CCC(C)Cl,2°,Cl,[OH-],strong_base,non_polar,heat,E2
2318,BrC1CCCCC1,2°,Br,Cl2,radical_source,polar_protic,heat,other
2319,CC(C)I,2°,I,Cl,acid,polar_aprotic,low,other
2320,CCCCI,1°,I,I-,strong_nucleophile,polar_aprotic,low,SN2
2321,BrC1CCCCC1,2°,Br,Br,acid,non_polar,low,other
2322,BrC1CCCCC1,2°,Br,Cl,acid,polar_protic,heat,other
2323,CCC(C)Cl,2°,Cl,O,weak_nucleophile,polar_protic,low,SN1
2324,CC(C)(C)Br,3°,Br,Br,acid,polar_protic,heat,other
2325,CCC(C)Cl,2°,Cl,RS-,strong_nucleophile,polar_aprotic,low,SN2
2326,CCCCl,1°,Cl,Cl,acid,polar_aprotic,heat,other
2327,CC(C)(C)Cl,3°,Cl,CO,weak_nucleophile,polar_protic,heat,E1
2328,CCCCl,1°,Cl,CC[O-],strong_base,polar_aprotic,heat,SN2
2329,BrC1CCCCC1,2°,Br,Cl,acid,polar_aprotic,room_temp,other
2330,CC(C)(C)Br,3°,Br,Cl2,radical_source,polar_aprotic,heat,other
2331,CCl,methyl,Cl,CC[O-],strong_base,polar_aprotic,room_temp,SN2
2332,CCC(C)Cl,2°,Cl,Cl2,radical_source,non_polar,room_temp,other
2333,C=C(C)C,alkene,None,Br,acid,polar_protic,low,electrophilic_addition
2334,CC(C)CBr,1°,Br,I-,strong_nucleophile,polar_protic,heat,SN2
2335,CC(C)(C)Br,3°,Br,Cl2,radical_source,polar_protic,low,other
2336,CCl,methyl,Cl,CC[O-],strong_base,non_polar,low,SN2
2337,CCC(C)Cl,2°,Cl,RS-,strong_nucleophile,polar_protic,low,other
2338,CC(C)CBr,1°,Br,O,weak_nucleophile,polar_protic,low,SN2
2339,CCC(C)Cl,2°,Cl,Cl,acid,polar_aprotic,room_temp,other
2340,CC(C)Br,2°,Br,I-,strong_nucleophile,polar_protic,heat,other
2341,CCl,methyl,Cl,CN-,strong_nucleophile,non_polar,heat,SN2
2342,CCl,methyl,Cl,CN-,strong_nucleophile,non_polar,heat,SN2
2343,CC(C)(C)Br,3°,Br,Br2,radical_source,polar_aprotic,heat,other
2344,CC(C)Br,2°,Br,CC[O-],strong_base,non_polar,room_temp,other
2345,CCC(C)Cl,2°,Cl,[OH-],strong_base,polar_protic,room_temp,other
2346,CCC(C)(C)Br,3°,Br,CO,weak_nucleophile,polar_protic,room_temp,SN1
2347,CC(C)(C)Br,3°,Br,I-,strong_nucleophile,polar_aprotic,heat,other
2348,CCC(C)Cl,2°,Cl,RS-,strong_nucleophile,non_polar,low,other
2349,CCCCI,1°,I,CC[O-],strong_base,non_polar,heat,SN2
2350,CCCCl,1°,Cl,Cl2,radical_source,polar_protic,heat,other
2351,CCBr,1°,Br,Cl2,radical_source,polar_aprotic,heat,other
2352,CC(C)I,2°,I,I-,strong_nucleophile,non_polar,heat,other
2353,CCC(C)(C)I,3°,I,Cl2,radical_source,polar_protic,low,other
2354,C=CC,alkene,None,Br,acid,polar_aprotic,heat,electrophilic_addition
2355,BrC1CCCCC1,2°,Br,CN-,strong_nucleophile,polar_aprotic,low,SN2
2356,CCCCI,1°,I,Cl,acid,polar_aprotic,room_temp,other
2357,CCCCI,1°,I,CN-,strong_nucleophile,polar_aprotic,heat,SN2
2358,CC(C)(C)Cl,3°,Cl,Cl,acid,polar_aprotic,low,other
2359,BrC1CCCCC1,2°,Br,O,weak_nucleophile,polar_aprotic,heat,other
2360,CCC(C)(C)Br,3°,Br,CN-,strong_nucleophile,polar_aprotic,room_temp,other
2361,CCBr,1°,Br,Cl,acid,polar_aprotic,room_temp,other
2362,CC(C)I,2°,I,RS-,strong_nucleophile,polar_aprotic,heat,SN2
2363,CCC,alkane,None,Br2,radical_source,polar_aprotic,heat,radical_substitution
2364,CC(C)(C)Br,3°,Br,O,weak_nucleophile,non_polar,room_temp,other
2365,CCC(C)(C)I,3°,I,I-,strong_nucleophile,polar_aprotic,room_temp,other
2366,CCBr,1°,Br,I-,strong_nucleophile,non_polar,low,SN2
2367,CCCCI,1°,I,CO,weak_nucleophile,polar_protic,heat,SN2
2368,CCC(C)(C)Br,3°,Br,I-,strong_nucleophile,non_polar,room_temp,other
2369,CC(C)CBr,1°,Br,Cl,acid,non_polar,room_temp,other
2370,CCC(C)(C)I,3°,I,Br,acid,non_polar,heat,other
2371,CCCCI,1°,I,CN-,strong_nucleophile,polar_aprotic,room_temp,SN2
2372,C=CC,alkene,None,Cl2,radical_source,polar_aprotic,low,electrophilic_addition
2373,CCBr,1°,Br,CC[O-],strong_base,polar_protic,low,SN2
2374,CCC(C)(C)I,3°,I,CC[O-],strong_base,polar_aprotic,heat,E2
2375,CCCCl,1°,Cl,Cl2,radical_source,polar_protic,low,other
2376,CCCCI,1°,I,Br,acid,polar_protic,heat,other
2377,CC(C)I,2°,I,Br,acid,polar_aprotic,heat,other
2378,CCCCI,1°,I,[OH-],strong_base,polar_aprotic,room_temp,SN2
2379,CC(C)(C)Cl,3°,Cl,Br2,radical_source,polar_protic,room_temp,other
2380,CI,methyl,I,CO,weak_nucleophile,polar_aprotic,room_temp,SN2
2381,CCC(C)(C)Br,3°,Br,I-,strong_nucleophile,polar_protic,room_temp,other
2382,CC(C)(C)Br,3°,Br,CC[O-],strong_base,non_polar,low,E2
2383,CCBr,1°,Br,Br2,radical_source,polar_protic,room_temp,other
2384,CI,methyl,I,O,weak_nucleophile,polar_aprotic,heat,SN2
2385,CC(C)I,2°,I,Cl,acid,non_polar,low,other
2386,CC(C)Br,2°,Br,Br2,radical_source,polar_aprotic,heat,other
2387,CC(C)(C)Br,3°,Br,Br2,radical_source,polar_protic,low,other
2388,CCCCl,1°,Cl,CO,weak_nucleophile,polar_aprotic,low,SN2
2389,CC(C)CBr,1°,Br,Cl2,radical_source,polar_aprotic,heat,other
2390,CCC(C)Cl,2°,Cl,RS-,strong_nucleophile,polar_protic,heat,other
2391,CCC(C)(C)I,3°,I,CC[O-],strong_base,polar_aprotic,low,E2
2392,CCl,methyl,Cl,I-,strong_nucleophile,polar_protic,heat,SN2
2393,CC(C)CBr,1°,Br,Cl2,radical_source,polar_aprotic,heat,other
2394,CCC,alkane,None,Cl2,radical_source,non_polar,room_temp,radical_substitution
2395,CC(C)CBr,1°,Br,Cl,acid,polar_aprotic,room_temp,other
2396,C=CC,alkene,None,Br2,radical_source,polar_aprotic,heat,electrophilic_addition
2397,CC(C)Br,2°,Br,I-,strong_nucleophile,polar_protic,heat,other
2398,CC(C)(C)Br,3°,Br,CN-,strong_nucleophile,polar_aprotic,low,other
2399,CCCCl,1°,Cl,CO,weak_nucleophile,polar_aprotic,low,SN2
2400,CBr,methyl,Br,CN-,strong_nucleophile,polar_protic,heat,SN2
2401,CC(C)C,alkane,None,Br2,radical_source,polar_protic,room_temp,radical_substitution
2402,CBr,methyl,Br,Cl,acid,polar_protic,heat,other
2403,CC(C)Br,2°,Br,O,weak_nucleophile,non_polar,room_temp,other
2404,CC(C)Br,2°,Br,I-,strong_nucleophile,polar_protic,low,other
2405,CCl,methyl,Cl,Br,acid,non_polar,room_temp,other
2406,CC(C)I,2°,I,RS-,strong_nucleophile,polar_aprotic,low,SN2
2407,CCBr,1°,Br,RS-,strong_nucleophile,polar_aprotic,room_temp,SN2
2408,CCC(C)(C)I,3°,I,Br2,radical_source,polar_protic,low,other
2409,CC(C)Br,2°,Br,CC[O-],strong_base,polar_aprotic,heat,E2
2410,CC(C)I,2°,I,Br2,radical_source,polar_aprotic,heat,other
2411,CCCCl,1°,Cl,RS-,strong_nucleophile,polar_protic,heat,SN2
2412,C=C,alkene,None,Cl,acid,non_polar,low,electrophilic_addition
2413,CCl,methyl,Cl,CN-,strong_nucleophile,non_polar,heat,SN2
2414,CCC(C)(C)I,3°,I,Br,acid,non_polar,low,other
2415,C=CC,alkene,None,Cl,acid,polar_protic,heat,electrophilic_addition
2416,CCCCl,1°,Cl,[OH-],strong_base,polar_protic,low,SN2
2417,CC(C)(C)Cl,3°,Cl,Br,acid,non_polar,room_temp,other
2418,CC(C)(C)Br,3°,Br,CC[O-],strong_base,polar_aprotic,room_temp,E2
2419,CC(C)Br,2°,Br,O,weak_nucleophile,polar_protic,low,SN1
2420,CC(C)Br,2°,Br,CC[O-],strong_base,non_polar,low,other
2421,CCCCl,1°,Cl,CN-,strong_nucleophile,polar_protic,room_temp,SN2
2422,CCC(C)Cl,2°,Cl,RS-,strong_nucleophile,polar_aprotic,heat,SN2
2423,CC(C)(C)Br,3°,Br,O,weak_nucleophile,polar_aprotic,heat,other
2424,CC(C)Br,2°,Br,RS-,strong_nucleophile,non_polar,heat,other
2425,CCC(C)(C)Br,3°,Br,CO,weak_nucleophile,polar_protic,room_temp,SN1
2426,CC(C)(C)Br,3°,Br,Cl2,radical_source,polar_protic,heat,other
2427,CC(C)(C)Br,3°,Br,I-,strong_nucleophile,polar_protic,room_temp,other
2428,CC(C)I,2°,I,O,weak_nucleophile,polar_aprotic,room_temp,other
2429,CCl,methyl,Cl,I-,strong_nucleophile,polar_protic,low,SN2
2430,CC(C)(C)Br,3°,Br,O,weak_nucleophile,polar_protic,low,SN1
2431,BrC1CCCCC1,2°,Br,CO,weak_nucleophile,polar_aprotic,heat,other
2432,CCCCl,1°,Cl,[OH-],strong_base,polar_aprotic,heat,SN2
2433,CC(C)CBr,1°,Br,O,weak_nucleophile,polar_aprotic,room_temp,SN2
2434,CCCCl,1°,Cl,CN-,strong_nucleophile,polar_aprotic,room_temp,SN2
2435,CCC(C)(C)Br,3°,Br,[OH-],strong_base,polar_protic,low,E2
2436,CCl,methyl,Cl,CC[O-],strong_base,polar_aprotic,room_temp,SN2
2437,CCCCl,1°,Cl,CN-,strong_nucleophile,polar_protic,heat,SN2
2438,CCCCI,1°,I,Br,acid,non_polar,room_temp,other
2439,CC(C)I,2°,I,Cl,acid,polar_protic,low,other
2440,CI,methyl,I,I-,strong_nucleophile,polar_aprotic,room_temp,SN2
2441,C=C(C)C,alkene,None,Cl,acid,non_polar,low,electrophilic_addition
2442,CC(C)(C)Cl,3°,Cl,Cl2,radical_source,non_polar,heat,other
2443,BrC1CCCCC1,2°,Br,[OH-],strong_base,polar_aprotic,room_temp,other
2444,CCBr,1°,Br,CO,weak_nucleophile,non_polar,heat,SN2
2445,CCC(C)(C)I,3°,I,Cl,acid,non_polar,low,other
2446,CC(C)(C)Cl,3°,Cl,CC[O-],strong_base,polar_protic,room_temp,E2
2447,CCl,methyl,Cl,CN-,strong_nucleophile,non_polar,heat,SN2
2448,CCl,methyl,Cl,Br2,radical_source,polar_protic,heat,other
2449,C=CC,alkene,None,Br2,radical_source,polar_protic,heat,electrophilic_addition
2450,CI,methyl,I,O,weak_nucleophile,non_polar,heat,SN2
2451,CC(C)Br,2°,Br,Cl,acid,polar_protic,low,other
2452,CCC(C)Cl,2°,Cl,Cl,acid,polar_protic,heat,other
2453,BrC1CCCCC1,2°,Br,RS-,strong_nucleophile,polar_protic,room_temp,other
2454,CC(C)I,2°,I,CO,weak_nucleophile,polar_protic,heat,SN1
2455,CCCCI,1°,I,CO,weak_nucleophile,polar_aprotic,room_temp,SN2
2456,CBr,methyl,Br,CN-,strong_nucleophile,polar_aprotic,heat,SN2
2457,BrC1CCCCC1,2°,Br,Br2,radical_source,polar_aprotic,room_temp,other
2458,CC(C)Br,2°,Br,CC[O-],strong_base,non_polar,low,other
2459,CC(C)I,2°,I,Cl2,radical_source,non_polar,low,other
2460,CBr,methyl,Br,O,weak_nucleophile,polar_protic,heat,SN2
2461,CC(C)Br,2°,Br,CO,weak_nucleophile,non_polar,low,other
2462,CC(C)I,2°,I,Cl,acid,polar_aprotic,heat,other
2463,CC(C)CBr,1°,Br,RS-,strong_nucleophile,polar_aprotic,room_temp,SN2
2464,BrC1CCCCC1,2°,Br,Br,acid,polar_protic,low,other
2465,C=C(C)C,alkene,None,Cl2,radical_source,non_polar,room_temp,electrophilic_addition
2466,CCCCl,1°,Cl,CO,weak_nucleophile,polar_protic,heat,SN2
2467,CC(C)(C)Br,3°,Br,CO,weak_nucleophile,polar_aprotic,room_temp,other
2468,CC(C)(C)Cl,3°,Cl,Cl,acid,polar_aprotic,heat,other
2469,CI,methyl,I,Br2,radical_source,non_polar,low,other
2470,CC(C)I,2°,I,Br,acid,polar_protic,low,other
2471,BrC1CCCCC1,2°,Br,Cl2,radical_source,polar_aprotic,low,other
2472,CCBr,1°,Br,[OH-],strong_base,polar_protic,low,SN2
2473,CCC(C)(C)I,3°,I,Br,acid,polar_aprotic,low,other
2474,CCBr,1°,Br,CN-,strong_nucleophile,polar_protic,heat,SN2
2475,CC(C)I,2°,I,CO,weak_nucleophile,polar_aprotic,room_temp,other
2476,CC(C)Br,2°,Br,I-,strong_nucleophile,polar_protic,low,other
2477,CCCCI,1°,I,Br2,radical_source,non_polar,room_temp,other
2478,CCC(C)(C)I,3°,I,O,weak_nucleophile,polar_protic,room_temp,SN1
2479,CC(C)I,2°,I,CO,weak_nucleophile,polar_aprotic,room_temp,other
2480,CCC(C)(C)Br,3°,Br,[OH-],strong_base,polar_protic,heat,E2
2481,CCC(C)Cl,2°,Cl,Br2,radical_source,polar_protic,heat,other
2482,CCCCl,1°,Cl,RS-,strong_nucleophile,polar_protic,room_temp,SN2
2483,CCCCl,1°,Cl,O,weak_nucleophile,polar_protic,heat,SN2
2484,CC(C)CBr,1°,Br,Cl2,radical_source,non_polar,low,other
2485,CBr,methyl,Br,Cl2,radical_source,polar_aprotic,heat,other
2486,CC(C)I,2°,I,I-,strong_nucleophile,polar_protic,room_temp,other
2487,BrC1CCCCC1,2°,Br,Br2,radical_source,polar_aprotic,heat,other
2488,CCCCI,1°,I,I-,strong_nucleophile,polar_protic,heat,SN2
2489,CCC(C)(C)Br,3°,Br,RS-,strong_nucleophile,polar_aprotic,low,other
2490,C=C,alkene,None,Cl2,radical_source,polar_aprotic,low,electrophilic_addition
2491,CC(C)(C)Br,3°,Br,Cl,acid,non_polar,low,other
2492,CCC(C)(C)Br,3°,Br,CN-,strong_nucleophile,polar_protic,low,other
2493,CBr,methyl,Br,CC[O-],strong_base,polar_aprotic,low,SN2
2494,CC(C)(C)Br,3°,Br,Cl,acid,polar_aprotic,low,other
2495,CCC(C)Cl,2°,Cl,Br,acid,non_polar,heat,other
2496,CCl,methyl,Cl,Br,acid,non_polar,room_temp,other
2497,CC(C)CBr,1°,Br,Br,acid,polar_aprotic,low,other
2498,C=C(C)C,alkene,None,Br,acid,polar_protic,low,electrophilic_addition
2499,CCl,methyl,Cl,CC[O-],strong_base,polar_aprotic,low,SN2
2500,CCC(C)(C)Br,3°,Br,[OH-],strong_base,polar_aprotic,heat,E2
2501,CCC(C)(C)Br,3°,Br,Cl,acid,polar_aprotic,heat,other
2502,CC(C)(C)Cl,3°,Cl,Br,acid,non_polar,low,other
2503,CC(C)CBr,1°,Br,CN-,strong_nucleophile,non_polar,room_temp,SN2
2504,CCC(C)Cl,2°,Cl,O,weak_nucleophile,non_polar,heat,other
2505,BrC1CCCCC1,2°,Br,CC[O-],strong_base,polar_aprotic,low,other
2506,CCC(C)(C)I,3°,I,CN-,strong_nucleophile,polar_protic,low,other
2507,CBr,methyl,Br,Cl2,radical_source,polar_protic,heat,other
2508,CC(C)(C)Cl,3°,Cl,I-,strong_nucleophile,polar_aprotic,room_temp,other
2509,CCBr,1°,Br,Cl,acid,polar_aprotic,heat,other
2510,CCl,methyl,Cl,I-,strong_nucleophile,polar_protic,room_temp,SN2
2511,CCC(C)Cl,2°,Cl,Cl2,radical_source,polar_protic,heat,other
2512,CCBr,1°,Br,O,weak_nucleophile,polar_aprotic,low,SN2
2513,CCC(C)(C)Br,3°,Br,[OH-],strong_base,non_polar,heat,E2
2514,CCC(C)(C)Br,3°,Br,Cl,acid,polar_protic,room_temp,other
2515,CCC(C)Cl,2°,Cl,CC[O-],strong_base,non_polar,heat,E2
2516,CC(C)I,2°,I,Cl,acid,polar_aprotic,heat,other
2517,CC(C)(C)Cl,3°,Cl,Cl,acid,non_polar,room_temp,other
2518,CCCCl,1°,Cl,Cl2,radical_source,polar_protic,room_temp,other
2519,CCC(C)Cl,2°,Cl,Cl,acid,polar_aprotic,room_temp,other
2520,CCC(C)(C)Br,3°,Br,I-,strong_nucleophile,non_polar,heat,other
2521,CC(C)(C)Br,3°,Br,[OH-],strong_base,non_polar,room_temp,E2
2522,CC(C)I,2°,I,Br,acid,non_polar,room_temp,other
2523,CCC(C)(C)I,3°,I,CC[O-],strong_base,polar_aprotic,low,E2
2524,CC(C)Br,2°,Br,[OH-],strong_base,polar_protic,low,other
2525,CCCCl,1°,Cl,O,weak_nucleophile,polar_protic,room_temp,SN2
2526,CCCCI,1°,I,CC[O-],strong_base,non_polar,low,SN2
2527,CC(C)CBr,1°,Br,Br,acid,non_polar,room_temp,other
2528,CCCCI,1°,I,RS-,strong_nucleophile,polar_protic,low,SN2
2529,CC(C)I,2°,I,O,weak_nucleophile,polar_protic,low,SN1
2530,CCC(C)(C)I,3°,I,CO,weak_nucleophile,polar_aprotic,low,other
2531,BrC1CCCCC1,2°,Br,Cl,acid,non_polar,room_temp,other
2532,CCC(C)(C)I,3°,I,Cl2,radical_source,non_polar,low,other
2533,CC(C)Br,2°,Br,Cl,acid,polar_protic,heat,other
2534,CCC(C)(C)I,3°,I,Br,acid,polar_protic,low,other
2535,CC(C)Br,2°,Br,CO,weak_nucleophile,polar_protic,heat,SN1
2536,CCC(C)(C)Br,3°,Br,O,weak_nucleophile,non_polar,heat,other
2537,C=CC,alkene,None,Br,acid,non_polar,heat,electrophilic_addition
2538,CCCCl,1°,Cl,CO,weak_nucleophile,polar_aprotic,low,SN2
2539,CCC(C)(C)Br,3°,Br,I-,strong_nucleophile,non_polar,low,other
2540,CI,methyl,I,[OH-],strong_base,polar_aprotic,low,SN2
2541,CC(C)I,2°,I,Cl2,radical_source,non_polar,room_temp,other
2542,CC(C)I,2°,I,Br,acid,polar_protic,room_temp,other
2543,CC(C)C,alkane,None,Br2,radical_source,polar_protic,heat,radical_substitution
2544,CBr,methyl,Br,Cl2,radical_source,polar_aprotic,low,other
2545,BrC1CCCCC1,2°,Br,Cl,acid,polar_aprotic,heat,other
2546,CC(C)(C)Cl,3°,Cl,[OH-],strong_base,polar_aprotic,heat,E2
2547,CCC(C)(C)I,3°,I,CN-,strong_nucleophile,non_polar,room_temp,other
2548,CCC(C)(C)I,3°,I,I-,strong_nucleophile,polar_aprotic,heat,other
2549,CC(C)I,2°,I,Br2,radical_source,polar_protic,room_temp,other
2550,CBr,methyl,Br,Cl,acid,polar_protic,low,other
2551,CC(C)CBr,1°,Br,[OH-],strong_base,polar_protic,heat,SN2
2552,CCC(C)Cl,2°,Cl,CO,weak_nucleophile,polar_protic,room_temp,SN1
2553,CCCCI,1°,I,O,weak_nucleophile,polar_protic,heat,SN2
2554,CCC(C)(C)I,3°,I,Br,acid,non_polar,low,other
2555,BrC1CCCCC1,2°,Br,Cl2,radical_source,polar_aprotic,low,other
2556,CCBr,1°,Br,CN-,strong_nucleophile,non_polar,heat,SN2
2557,CI,methyl,I,Cl,acid,polar_protic,low,other
2558,CC(C)(C)Cl,3°,Cl,I-,strong_nucleophile,polar_aprotic,room_temp,other
2559,CC(C)(C)Cl,3°,Cl,[OH-],strong_base,polar_aprotic,room_temp,E2
2560,BrC1CCCCC1,2°,Br,Br,acid,polar_aprotic,heat,other
2561,CBr,methyl,Br,CN-,strong_nucleophile,non_polar,room_temp,SN2
2562,BrC1CCCCC1,2°,Br,[OH-],strong_base,polar_aprotic,heat,E2
2563,CCCCI,1°,I,CO,weak_nucleophile,polar_protic,room_temp,SN2
2564,CCBr,1°,Br,Br,acid,polar_aprotic,room_temp,other
2565,CCCCI,1°,I,CO,weak_nucleophile,polar_aprotic,room_temp,SN2
2566,CBr,methyl,Br,I-,strong_nucleophile,polar_aprotic,heat,SN2
2567,CBr,methyl,Br,I-,strong_nucleophile,non_polar,room_temp,SN2
2568,CCC(C)(C)Br,3°,Br,O,weak_nucleophile,polar_protic,low,SN1
2569,CCBr,1°,Br,CO,weak_nucleophile,polar_protic,room_temp,SN2
2570,CCl,methyl,Cl,CC[O-],strong_base,polar_protic,low,SN2
2571,CCCCl,1°,Cl,RS-,strong_nucleophile,polar_protic,room_temp,SN2
2572,CC(C)(C)Cl,3°,Cl,Cl2,radical_source,non_polar,low,other
2573,CC(C)(C)Cl,3°,Cl,CO,weak_nucleophile,polar_aprotic,room_temp,other
2574,CCCCI,1°,I,RS-,strong_nucleophile,polar_aprotic,room_temp,SN2
2575,CCCCl,1°,Cl,Cl,acid,polar_aprotic,heat,other
2576,CCC(C)Cl,2°,Cl,CO,weak_nucleophile,non_polar,room_temp,other
2577,C=C,alkene,None,Cl,acid,polar_protic,low,electrophilic_addition
2578,CC(C)Br,2°,Br,O,weak_nucleophile,polar_aprotic,low,other
2579,CCl,methyl,Cl,Cl2,radical_source,polar_aprotic,low,other
2580,CC(C)I,2°,I,[OH-],strong_base,polar_protic,low,other
2581,CC(C)I,2°,I,CC[O-],strong_base,polar_protic,low,other
2582,CCl,methyl,Cl,CN-,strong_nucleophile,polar_aprotic,room_temp,SN2
2583,CCC(C)Cl,2°,Cl,[OH-],strong_base,polar_protic,room_temp,other
2584,CC(C)(C)Cl,3°,Cl,CN-,strong_nucleophile,polar_aprotic,low,other
2585,BrC1CCCCC1,2°,Br,CO,weak_nucleophile,non_polar,low,other
2586,CC(C)CBr,1°,Br,[OH-],strong_base,polar_protic,room_temp,SN2
2587,CCCCl,1°,Cl,O,weak_nucleophile,polar_protic,heat,SN2
2588,CC(C)CBr,1°,Br,[OH-],strong_base,polar_aprotic,low,SN2
2589,CCl,methyl,Cl,I-,strong_nucleophile,polar_protic,heat,SN2
2590,CCCCI,1°,I,Br,acid,polar_protic,room_temp,other
2591,CC(C)CBr,1°,Br,[OH-],strong_base,polar_aprotic,room_temp,SN2
2592,CCBr,1°,Br,Br2,radical_source,polar_protic,heat,other
2593,C=CC,alkene,None,Cl2,radical_source,polar_protic,room_temp,electrophilic_addition
2594,CCCCI,1°,I,Br,acid,non_polar,low,other
2595,CI,methyl,I,CC[O-],strong_base,non_polar,heat,SN2
2596,CC(C)CBr,1°,Br,CC[O-],strong_base,polar_aprotic,heat,SN2
2597,CC(C)CBr,1°,Br,RS-,strong_nucleophile,non_polar,low,SN2
2598,C=C,alkene,None,Cl,acid,polar_aprotic,low,electrophilic_addition
2599,CCC(C)(C)I,3°,I,CN-,strong_nucleophile,polar_protic,heat,other
2600,CI,methyl,I,[OH-],strong_base,non_polar,heat,SN2
2601,CCCCI,1°,I,Br,acid,polar_aprotic,low,other
2602,CCC(C)(C)Br,3°,Br,CN-,strong_nucleophile,polar_aprotic,low,other
2603,CCCCl,1°,Cl,Br2,radical_source,polar_protic,room_temp,other
2604,CCl,methyl,Cl,Br2,radical_source,polar_protic,room_temp,other
2605,CCCCI,1°,I,Cl2,radical_source,polar_aprotic,heat,other
2606,CI,methyl,I,CO,weak_nucleophile,non_polar,room_temp,SN2
2607,CC(C)I,2°,I,Cl,acid,polar_protic,heat,other
2608,C=C,alkene,None,Cl,acid,polar_protic,heat,electrophilic_addition
2609,CCCCl,1°,Cl,Br,acid,polar_protic,heat,other
2610,CCBr,1°,Br,CC[O-],strong_base,polar_protic,heat,SN2
2611,CBr,methyl,Br,CN-,strong_nucleophile,non_polar,heat,SN2
2612,BrC1CCCCC1,2°,Br,O,weak_nucleophile,polar_protic,heat,SN1
2613,CCC(C)(C)I,3°,I,Br,acid,non_polar,low,other
2614,CCBr,1°,Br,Cl2,radical_source,polar_aprotic,room_temp,other
2615,CCC(C)(C)Br,3°,Br,[OH-],strong_base,polar_aprotic,heat,E2
2616,CCl,methyl,Cl,Cl2,radical_source,polar_protic,room_temp,other
2617,CCC(C)(C)I,3°,I,I-,strong_nucleophile,polar_protic,low,other
2618,CC(C)(C)Cl,3°,Cl,Br,acid,polar_protic,room_temp,other
2619,CCl,methyl,Cl,RS-,strong_nucleophile,polar_aprotic,room_temp,SN2
2620,BrC1CCCCC1,2°,Br,[OH-],strong_base,polar_protic,heat,E2
2621,CBr,methyl,Br,Cl,acid,polar_protic,low,other
2622,CC(C)(C)Br,3°,Br,[OH-],strong_base,polar_protic,heat,E2
2623,CCCCI,1°,I,O,weak_nucleophile,polar_protic,low,SN2
2624,CCC(C)(C)Br,3°,Br,Cl2,radical_source,polar_aprotic,room_temp,other
2625,C=C,alkene,None,Cl,acid,non_polar,room_temp,electrophilic_addition
2626,CC(C)Br,2°,Br,I-,strong_nucleophile,polar_aprotic,room_temp,SN2
2627,CCC(C)(C)Br,3°,Br,CO,weak_nucleophile,polar_protic,heat,E1
2628,CCBr,1°,Br,CC[O-],strong_base,polar_aprotic,low,SN2
2629,CCC(C)(C)Br,3°,Br,CN-,strong_nucleophile,polar_aprotic,low,other
2630,CCC(C)(C)I,3°,I,Cl,acid,non_polar,room_temp,other
2631,CC(C)(C)Br,3°,Br,Cl2,radical_source,polar_protic,low,other
2632,BrC1CCCCC1,2°,Br,O,weak_nucleophile,polar_protic,heat,SN1
2633,CBr,methyl,Br,I-,strong_nucleophile,non_polar,heat,SN2
2634,CCCCI,1°,I,O,weak_nucleophile,polar_aprotic,heat,SN2
2635,CCCCI,1°,I,RS-,strong_nucleophile,non_polar,low,SN2
2636,C=CC,alkene,None,Cl2,radical_source,polar_protic,low,electrophilic_addition
2637,CCC(C)(C)Br,3°,Br,O,weak_nucleophile,non_polar,low,other
2638,CCl,methyl,Cl,O,weak_nucleophile,polar_protic,room_temp,SN2
2639,CC(C)(C)Br,3°,Br,O,weak_nucleophile,non_polar,heat,other
2640,CCl,methyl,Cl,[OH-],strong_base,polar_aprotic,low,SN2
2641,CC(C)(C)Br,3°,Br,Br,acid,polar_aprotic,low,other
2642,CCBr,1°,Br,Cl,acid,polar_aprotic,low,other
2643,CCCCI,1°,I,CN-,strong_nucleophile,polar_aprotic,low,SN2
2644,CC(C)(C)Cl,3°,Cl,Br2,radical_source,polar_aprotic,heat,other
2645,CCCCl,1°,Cl,RS-,strong_nucleophile,polar_aprotic,heat,SN2
2646,CCC(C)(C)I,3°,I,CC[O-],strong_base,polar_aprotic,room_temp,E2
2647,C=CC,alkene,None,Br2,radical_source,polar_protic,low,electrophilic_addition
2648,CC(C)I,2°,I,Br,acid,polar_protic,room_temp,other
2649,CCCCl,1°,Cl,Br2,radical_source,polar_protic,room_temp,other
2650,CCC(C)(C)I,3°,I,I-,strong_nucleophile,non_polar,low,other
2651,CC(C)CBr,1°,Br,RS-,strong_nucleophile,polar_protic,heat,SN2
2652,CCBr,1°,Br,Cl,acid,polar_aprotic,room_temp,other
2653,CCl,methyl,Cl,Cl2,radical_source,polar_protic,low,other
2654,C=CC,alkene,None,Cl,acid,polar_aprotic,room_temp,electrophilic_addition
2655,CC(C)Br,2°,Br,Cl,acid,polar_aprotic,room_temp,other
2656,CC(C)(C)Br,3°,Br,Br2,radical_source,polar_aprotic,low,other
2657,CC(C)(C)Br,3°,Br,CN-,strong_nucleophile,polar_aprotic,low,other
2658,CCC(C)(C)I,3°,I,CC[O-],strong_base,polar_protic,heat,E2
2659,CC(C)I,2°,I,O,weak_nucleophile,non_polar,room_temp,other
2660,CCCCl,1°,Cl,O,weak_nucleophile,polar_aprotic,room_temp,SN2
2661,CCl,methyl,Cl,I-,strong_nucleophile,non_polar,low,SN2
2662,C=C(C)C,alkene,None,Br,acid,non_polar,low,electrophilic_addition
2663,CC(C)CBr,1°,Br,Cl,acid,polar_aprotic,heat,other
2664,CBr,methyl,Br,Br2,radical_source,polar_aprotic,low,other
2665,CCC(C)(C)I,3°,I,O,weak_nucleophile,non_polar,heat,other
2666,C1CCCCC1,alkane,None,Br2,radical_source,non_polar,heat,radical_substitution
2667,CCC(C)(C)I,3°,I,CN-,strong_nucleophile,polar_protic,heat,other
2668,CC(C)CBr,1°,Br,CO,weak_nucleophile,polar_aprotic,room_temp,SN2
2669,CCC(C)(C)I,3°,I,Cl,acid,polar_aprotic,room_temp,other
2670,CCl,methyl,Cl,Cl2,radical_source,polar_protic,low,other
2671,CC(C)I,2°,I,O,weak_nucleophile,polar_aprotic,low,other
2672,CCl,methyl,Cl,Br2,radical_source,polar_protic,low,other
2673,CI,methyl,I,[OH-],strong_base,polar_aprotic,low,SN2
2674,CCl,methyl,Cl,Cl2,radical_source,non_polar,heat,other
2675,CC(C)(C)Cl,3°,Cl,Cl,acid,polar_protic,room_temp,other
2676,CC(C)(C)Cl,3°,Cl,I-,strong_nucleophile,non_polar,low,other
2677,CC(C)(C)Br,3°,Br,CC[O-],strong_base,non_polar,heat,E2
2678,CCC(C)(C)Br,3°,Br,Br2,radical_source,non_polar,heat,other
2679,CC(C)(C)Cl,3°,Cl,Br,acid,polar_protic,room_temp,other
2680,CCl,methyl,Cl,Br2,radical_source,polar_aprotic,low,other
2681,CBr,methyl,Br,[OH-],strong_base,polar_aprotic,heat,SN2
2682,CCCCI,1°,I,RS-,strong_nucleophile,polar_protic,room_temp,SN2
2683,CC(C)CBr,1°,Br,Br2,radical_source,non_polar,heat,other
2684,CC(C)(C)Br,3°,Br,Br,acid,polar_protic,heat,other
2685,BrC1CCCCC1,2°,Br,Br2,radical_source,polar_aprotic,low,other
2686,CCBr,1°,Br,[OH-],strong_base,polar_aprotic,low,SN2
2687,CC(C)(C)Br,3°,Br,CN-,strong_nucleophile,non_polar,low,other
2688,CCCCl,1°,Cl,O,weak_nucleophile,polar_protic,room_temp,SN2
2689,BrC1CCCCC1,2°,Br,[OH-],strong_base,polar_aprotic,heat,E2
2690,CCl,methyl,Cl,CN-,strong_nucleophile,non_polar,room_temp,SN2
2691,CC(C)(C)Br,3°,Br,Cl,acid,polar_aprotic,heat,other
2692,CC(C)Br,2°,Br,CO,weak_nucleophile,polar_protic,room_temp,SN1
2693,CC(C)I,2°,I,CC[O-],strong_base,polar_aprotic,low,other
2694,CCBr,1°,Br,CO,weak_nucleophile,polar_aprotic,heat,SN2
2695,CCC(C)Cl,2°,Cl,CC[O-],strong_base,polar_aprotic,room_temp,other
2696,CC(C)CBr,1°,Br,Cl,acid,polar_protic,room_temp,other
2697,CC(C)(C)Cl,3°,Cl,I-,strong_nucleophile,polar_aprotic,heat,other
2698,CC(C)Br,2°,Br,Br2,radical_source,polar_aprotic,room_temp,other
2699,CI,methyl,I,CO,weak_nucleophile,polar_aprotic,low,SN2
2700,CCCCl,1°,Cl,[OH-],strong_base,polar_aprotic,low,SN2
2701,CCC(C)(C)Br,3°,Br,Cl2,radical_source,non_polar,low,other
2702,BrC1CCCCC1,2°,Br,Cl2,radical_source,polar_aprotic,room_temp,other
2703,CCC(C)(C)Br,3°,Br,O,weak_nucleophile,polar_aprotic,room_temp,other
2704,CC(C)CBr,1°,Br,Cl2,radical_source,polar_protic,room_temp,other
2705,CBr,methyl,Br,[OH-],strong_base,polar_protic,heat,SN2
2706,CC(C)Br,2°,Br,CN-,strong_nucleophile,polar_protic,low,other
2707,CCCCI,1°,I,CC[O-],strong_base,non_polar,low,SN2
2708,CC(C)CBr,1°,Br,[OH-],strong_base,polar_aprotic,heat,SN2
2709,CCCCl,1°,Cl,Br,acid,non_polar,low,other
2710,CC(C)(C)Cl,3°,Cl,CN-,strong_nucleophile,polar_protic,low,other
2711,CI,methyl,I,CC[O-],strong_base,polar_protic,low,SN2
2712,CC(C)(C)Cl,3°,Cl,CC[O-],strong_base,non_polar,heat,E2
2713,CCl,methyl,Cl,O,weak_nucleophile,polar_protic,low,SN2
2714,CBr,methyl,Br,CO,weak_nucleophile,polar_protic,room_temp,SN2
2715,CC(C)(C)Cl,3°,Cl,Br,acid,non_polar,room_temp,other
2716,CCC(C)(C)Br,3°,Br,Cl2,radical_source,polar_protic,low,other
2717,CC(C)(C)Br,3°,Br,[OH-],strong_base,polar_aprotic,low,E2
2718,CC(C)(C)Cl,3°,Cl,CN-,strong_nucleophile,polar_aprotic,room_temp,other
2719,C1CCCCC1,alkane,None,Cl2,radical_source,non_polar,heat,radical_substitution
2720,CBr,methyl,Br,Cl,acid,polar_protic,room_temp,other
2721,CC(C)(C)Cl,3°,Cl,RS-,strong_nucleophile,non_polar,room_temp,other
2722,CI,methyl,I,[OH-],strong_base,polar_aprotic,heat,SN2
2723,CC(C)I,2°,I,CC[O-],strong_base,polar_aprotic,heat,E2
2724,CC(C)(C)Cl,3°,Cl,CC[O-],strong_base,polar_protic,low,E2
2725,CC(C)(C)Br,3°,Br,CC[O-],strong_base,non_polar,heat,E2
2726,CC(C)(C)Br,3°,Br,RS-,strong_nucleophile,polar_protic,room_temp,other
2727,CC(C)(C)Br,3°,Br,Cl2,radical_source,polar_aprotic,room_temp,other
2728,CC(C)I,2°,I,Cl2,radical_source,polar_aprotic,room_temp,other
2729,CC(C)(C)Br,3°,Br,Cl,acid,polar_protic,room_temp,other
2730,CCC(C)(C)I,3°,I,CN-,strong_nucleophile,polar_protic,heat,other
2731,CC(C)Br,2°,Br,Cl,acid,polar_protic,heat,other
2732,CI,methyl,I,CO,weak_nucleophile,non_polar,low,SN2
2733,CCCCl,1°,Cl,CC[O-],strong_base,non_polar,room_temp,SN2
2734,CCC(C)(C)I,3°,I,Cl,acid,polar_aprotic,room_temp,other
2735,CCl,methyl,Cl,Cl,acid,polar_protic,heat,other
2736,CCBr,1°,Br,CO,weak_nucleophile,polar_aprotic,low,SN2
2737,CI,methyl,I,Cl,acid,non_polar,heat,other
2738,CC(C)(C)Br,3°,Br,CC[O-],strong_base,polar_protic,heat,E2
2739,CC(C)I,2°,I,CN-,strong_nucleophile,polar_aprotic,heat,SN2
2740,BrC1CCCCC1,2°,Br,CN-,strong_nucleophile,polar_aprotic,room_temp,SN2
2741,CCC(C)Cl,2°,Cl,Br2,radical_source,polar_aprotic,low,other
2742,CCC(C)(C)I,3°,I,[OH-],strong_base,polar_protic,heat,E2
2743,CCC(C)(C)Br,3°,Br,[OH-],strong_base,non_polar,low,E2
2744,CBr,methyl,Br,I-,strong_nucleophile,polar_aprotic,room_temp,SN2
2745,C=C,alkene,None,Br2,radical_source,non_polar,low,electrophilic_addition
2746,C=C,alkene,None,Cl,acid,polar_protic,heat,electrophilic_addition
2747,C1CCCCC1,alkane,None,Cl2,radical_source,non_polar,heat,radical_substitution
2748,CC(C)CBr,1°,Br,O,weak_nucleophile,non_polar,low,SN2
2749,CBr,methyl,Br,I-,strong_nucleophile,polar_aprotic,low,SN2
2750,CC(C)(C)Br,3°,Br,CN-,strong_nucleophile,non_polar,heat,other
2751,CCC(C)Cl,2°,Cl,I-,strong_nucleophile,polar_protic,low,other
2752,CCC(C)(C)I,3°,I,CC[O-],strong_base,polar_aprotic,heat,E2
2753,CC(C)CBr,1°,Br,CN-,strong_nucleophile,polar_protic,heat,SN2
2754,CCC(C)(C)I,3°,I,Cl2,radical_source,non_polar,room_temp,other
2755,CCCCI,1°,I,Cl,acid,polar_aprotic,heat,other
2756,CCBr,1°,Br,Br,acid,non_polar,heat,other
2757,C=CC,alkene,None,Br2,radical_source,polar_aprotic,room_temp,electrophilic_addition
2758,C=C(C)C,alkene,None,Br,acid,polar_protic,low,electrophilic_addition
2759,C=C(C)C,alkene,None,Cl,acid,non_polar,heat,electrophilic_addition
2760,CCCCl,1°,Cl,Br,acid,polar_protic,low,other
2761,CC(C)CBr,1°,Br,Cl,acid,polar_aprotic,low,other
2762,CCC(C)(C)Br,3°,Br,Br,acid,polar_protic,room_temp,other
2763,C=CC,alkene,None,Br,acid,polar_aprotic,low,electrophilic_addition
2764,BrC1CCCCC1,2°,Br,CC[O-],strong_base,polar_protic,low,other
2765,CC(C)(C)Br,3°,Br,O,weak_nucleophile,polar_aprotic,room_temp,other
2766,C=C,alkene,None,Cl2,radical_source,polar_protic,low,electrophilic_addition
2767,CC(C)CBr,1°,Br,[OH-],strong_base,polar_aprotic,heat,SN2
2768,CCC(C)(C)I,3°,I,O,weak_nucleophile,polar_protic,low,SN1
2769,CCCCl,1°,Cl,CC[O-],strong_base,polar_protic,low,SN2
2770,CC(C)I,2°,I,RS-,strong_nucleophile,polar_protic,heat,other
2771,CCBr,1°,Br,Br,acid,polar_protic,heat,other
2772,CCCCl,1°,Cl,O,weak_nucleophile,non_polar,room_temp,SN2
2773,CC(C)(C)Br,3°,Br,Cl,acid,polar_protic,low,other
2774,CBr,methyl,Br,Br,acid,polar_aprotic,room_temp,other
2775,CBr,methyl,Br,Cl2,radical_source,polar_protic,heat,other
2776,BrC1CCCCC1,2°,Br,Cl2,radical_source,polar_protic,low,other
2777,CCC(C)Cl,2°,Cl,O,weak_nucleophile,non_polar,heat,other
2778,CCC(C)(C)Br,3°,Br,CN-,strong_nucleophile,non_polar,low,other
2779,CCBr,1°,Br,Cl2,radical_source,polar_protic,heat,other
2780,CCC(C)(C)I,3°,I,[OH-],strong_base,non_polar,room_temp,E2
2781,CC(C)CBr,1°,Br,Cl2,radical_source,polar_protic,low,other
2782,CCC(C)(C)Br,3°,Br,CC[O-],strong_base,polar_protic,room_temp,E2
2783,CCC(C)(C)Br,3°,Br,[OH-],strong_base,non_polar,low,E2
2784,CCC(C)(C)Br,3°,Br,I-,strong_nucleophile,polar_aprotic,low,other
2785,CI,methyl,I,Cl,acid,polar_protic,room_temp,other
2786,CCCCI,1°,I,CN-,strong_nucleophile,polar_aprotic,room_temp,SN2
2787,CCCCI,1°,I,Br2,radical_source,polar_protic,heat,other
2788,CC(C)I,2°,I,O,weak_nucleophile,polar_protic,low,SN1
2789,CC(C)(C)Br,3°,Br,CC[O-],strong_base,non_polar,low,E2
2790,CCl,methyl,Cl,Br,acid,polar_aprotic,heat,other
2791,CC(C)CBr,1°,Br,CO,weak_nucleophile,polar_protic,room_temp,SN2
2792,CCCCl,1°,Cl,CO,weak_nucleophile,non_polar,room_temp,SN2
2793,C=C(C)C,alkene,None,Br,acid,polar_aprotic,heat,electrophilic_addition
2794,CCBr,1°,Br,Cl2,radical_source,polar_protic,low,other
2795,CC(C)(C)Cl,3°,Cl,CN-,strong_nucleophile,non_polar,heat,other
2796,BrC1CCCCC1,2°,Br,RS-,strong_nucleophile,polar_aprotic,room_temp,SN2
2797,CC(C)I,2°,I,Cl,acid,non_polar,heat,other
2798,CCC(C)(C)Br,3°,Br,Br,acid,polar_protic,low,other
2799,CC(C)CBr,1°,Br,O,weak_nucleophile,polar_aprotic,heat,SN2
2800,CCC(C)(C)Br,3°,Br,Br2,radical_source,polar_aprotic,room_temp,other
2801,CBr,methyl,Br,CC[O-],strong_base,polar_protic,heat,SN2
2802,C=C,alkene,None,Br,acid,polar_aprotic,heat,electrophilic_addition
2803,CCC(C)(C)I,3°,I,[OH-],strong_base,polar_protic,heat,E2
2804,CCC(C)Cl,2°,Cl,Br2,radical_source,non_polar,heat,other
2805,CC(C)CBr,1°,Br,CN-,strong_nucleophile,polar_protic,heat,SN2
2806,CC(C)I,2°,I,Br,acid,polar_protic,low,other
2807,C=C,alkene,None,Br2,radical_source,polar_aprotic,low,electrophilic_addition
2808,CCBr,1°,Br,CO,weak_nucleophile,polar_protic,room_temp,SN2
2809,CCl,methyl,Cl,Br,acid,polar_protic,low,other
2810,BrC1CCCCC1,2°,Br,Br,acid,polar_aprotic,low,other
2811,CC(C)(C)Cl,3°,Cl,CC[O-],strong_base,polar_protic,room_temp,E2
2812,CC(C)Br,2°,Br,RS-,strong_nucleophile,polar_protic,low,other
2813,BrC1CCCCC1,2°,Br,CN-,strong_nucleophile,polar_protic,low,other
2814,CCCCl,1°,Cl,RS-,strong_nucleophile,polar_protic,low,SN2
2815,CCC(C)(C)I,3°,I,RS-,strong_nucleophile,non_polar,heat,other
2816,CCC(C)Cl,2°,Cl,[OH-],strong_base,polar_aprotic,room_temp,other
2817,CC(C)I,2°,I,Cl,acid,polar_aprotic,low,other
2818,CCC(C)Cl,2°,Cl,[OH-],strong_base,non_polar,room_temp,other
2819,CCC(C)(C)Br,3°,Br,RS-,strong_nucleophile,polar_aprotic,room_temp,other
2820,CCl,methyl,Cl,Cl2,radical_source,non_polar,heat,other
2821,CCCCl,1°,Cl,RS-,strong_nucleophile,polar_aprotic,low,SN2
2822,CC(C)CBr,1°,Br,CO,weak_nucleophile,polar_protic,low,SN2
2823,C=C,alkene,None,Br,acid,non_polar,room_temp,electrophilic_addition
2824,CI,methyl,I,CC[O-],strong_base,polar_aprotic,low,SN2
2825,CCCCl,1°,Cl,Cl,acid,non_polar,low,other
2826,C=CC,alkene,None,Br,acid,polar_aprotic,room_temp,electrophilic_addition
2827,CCC(C)(C)Br,3°,Br,[OH-],strong_base,polar_protic,room_temp,E2
2828,CC(C)(C)Br,3°,Br,I-,strong_nucleophile,polar_protic,room_temp,other
2829,CC(C)(C)Br,3°,Br,Cl2,radical_source,polar_protic,low,other
2830,C=C(C)C,alkene,None,Cl2,radical_source,non_polar,room_temp,electrophilic_addition
2831,CCC(C)(C)Br,3°,Br,Br2,radical_source,polar_aprotic,room_temp,other
2832,C=CC,alkene,None,Cl,acid,polar_protic,low,electrophilic_addition
2833,C=CC,alkene,None,Br,acid,polar_aprotic,heat,electrophilic_addition
2834,CCC(C)(C)Br,3°,Br,Cl2,radical_source,polar_protic,low,other
2835,CI,methyl,I,CN-,strong_nucleophile,polar_protic,heat,SN2
2836,CC(C)I,2°,I,I-,strong_nucleophile,polar_protic,low,other
2837,BrC1CCCCC1,2°,Br,CN-,strong_nucleophile,polar_aprotic,low,SN2
2838,C=CC,alkene,None,Br2,radical_source,polar_protic,room_temp,electrophilic_addition
2839,CCC(C)(C)I,3°,I,Cl2,radical_source,non_polar,low,other
2840,CC(C)(C)Cl,3°,Cl,[OH-],strong_base,non_polar,room_temp,E2
2841,CC(C)(C)Br,3°,Br,I-,strong_nucleophile,polar_aprotic,room_temp,other
2842,BrC1CCCCC1,2°,Br,RS-,strong_nucleophile,polar_aprotic,room_temp,SN2
2843,CCCCl,1°,Cl,Cl,acid,non_polar,low,other
2844,CCC(C)Cl,2°,Cl,Br,acid,polar_aprotic,room_temp,other
2845,CCl,methyl,Cl,[OH-],strong_base,non_polar,heat,SN2
2846,CC(C)(C)Br,3°,Br,CC[O-],strong_base,polar_protic,low,E2
2847,CC(C)I,2°,I,CN-,strong_nucleophile,polar_aprotic,heat,SN2
2848,CBr,methyl,Br,CN-,strong_nucleophile,polar_aprotic,room_temp,SN2
2849,CC(C)I,2°,I,O,weak_nucleophile,polar_protic,low,SN1
2850,CCl,methyl,Cl,CN-,strong_nucleophile,non_polar,heat,SN2
2851,CCl,methyl,Cl,CC[O-],strong_base,polar_aprotic,room_temp,SN2
2852,CI,methyl,I,RS-,strong_nucleophile,polar_aprotic,heat,SN2
2853,CBr,methyl,Br,RS-,strong_nucleophile,polar_protic,heat,SN2
2854,CCl,methyl,Cl,[OH-],strong_base,polar_aprotic,heat,SN2
2855,CBr,methyl,Br,CN-,strong_nucleophile,polar_protic,room_temp,SN2
2856,CC(C)Br,2°,Br,O,weak_nucleophile,non_polar,low,other
2857,CC(C)CBr,1°,Br,CN-,strong_nucleophile,non_polar,heat,SN2
2858,CCl,methyl,Cl,Br,acid,non_polar,heat,other
2859,CCCCI,1°,I,RS-,strong_nucleophile,polar_aprotic,low,SN2
2860,BrC1CCCCC1,2°,Br,CN-,strong_nucleophile,polar_aprotic,room_temp,SN2
2861,CCC(C)(C)Br,3°,Br,O,weak_nucleophile,polar_aprotic,low,other
2862,CI,methyl,I,[OH-],strong_base,polar_protic,heat,SN2
2863,CCCCl,1°,Cl,CO,weak_nucleophile,polar_aprotic,low,SN2
2864,CCBr,1°,Br,[OH-],strong_base,polar_aprotic,room_temp,SN2
2865,CC(C)(C)Br,3°,Br,[OH-],strong_base,non_polar,low,E2
2866,CCC(C)Cl,2°,Cl,Cl2,radical_source,polar_protic,low,other
2867,CCC(C)(C)I,3°,I,[OH-],strong_base,non_polar,heat,E2
2868,CCCCl,1°,Cl,Br,acid,polar_aprotic,heat,other
2869,CI,methyl,I,CC[O-],strong_base,polar_aprotic,heat,SN2
2870,CI,methyl,I,I-,strong_nucleophile,polar_aprotic,room_temp,SN2
2871,CCCCI,1°,I,Cl,acid,polar_protic,low,other
2872,CCC,alkane,None,Br2,radical_source,polar_protic,heat,radical_substitution
2873,CC(C)CBr,1°,Br,CN-,strong_nucleophile,polar_protic,heat,SN2
2874,BrC1CCCCC1,2°,Br,[OH-],strong_base,polar_protic,heat,E2
2875,C=C,alkene,None,Br,acid,polar_aprotic,room_temp,electrophilic_addition
2876,CC(C)Br,2°,Br,Cl2,radical_source,polar_protic,heat,other
2877,CCC(C)Cl,2°,Cl,I-,strong_nucleophile,polar_aprotic,heat,SN2
2878,CCC(C)(C)Br,3°,Br,Cl2,radical_source,non_polar,low,other
2879,CCl,methyl,Cl,Cl2,radical_source,polar_aprotic,heat,other
2880,BrC1CCCCC1,2°,Br,Br,acid,polar_aprotic,room_temp,other
2881,CCC(C)(C)I,3°,I,Br2,radical_source,polar_protic,low,other
2882,CC(C)(C)Br,3°,Br,Br,acid,non_polar,room_temp,other
2883,C=C(C)C,alkene,None,Br2,radical_source,polar_aprotic,heat,electrophilic_addition
2884,CCBr,1°,Br,CN-,strong_nucleophile,non_polar,low,SN2
2885,CC(C)CBr,1°,Br,CC[O-],strong_base,polar_aprotic,heat,SN2
2886,CC(C)I,2°,I,CO,weak_nucleophile,polar_aprotic,room_temp,other
2887,CC(C)Br,2°,Br,Br2,radical_source,polar_aprotic,room_temp,other
2888,CCC(C)(C)I,3°,I,Cl,acid,polar_aprotic,low,other
2889,CC(C)CBr,1°,Br,Br,acid,polar_protic,low,other
2890,CC(C)I,2°,I,Cl,acid,polar_aprotic,low,other
2891,CCBr,1°,Br,O,weak_nucleophile,polar_protic,room_temp,SN2
2892,CCC(C)(C)Br,3°,Br,RS-,strong_nucleophile,polar_aprotic,heat,other
2893,CC(C)I,2°,I,RS-,strong_nucleophile,polar_protic,heat,other
2894,CCBr,1°,Br,CO,weak_nucleophile,non_polar,room_temp,SN2
2895,CC(C)CBr,1°,Br,Cl2,radical_source,non_polar,room_temp,other
2896,CI,methyl,I,CC[O-],strong_base,non_polar,low,SN2
2897,CCC(C)(C)Br,3°,Br,Cl,acid,polar_aprotic,low,other
2898,CC(C)I,2°,I,CC[O-],strong_base,polar_protic,heat,E2
2899,CCBr,1°,Br,CN-,strong_nucleophile,polar_aprotic,room_temp,SN2
2900,CI,methyl,I,Cl,acid,polar_aprotic,low,other
2901,CCl,methyl,Cl,RS-,strong_nucleophile,non_polar,low,SN2
2902,BrC1CCCCC1,2°,Br,[OH-],strong_base,polar_aprotic,heat,E2
2903,CCCCl,1°,Cl,Cl,acid,polar_protic,heat,other
2904,CC(C)I,2°,I,Cl,acid,polar_aprotic,low,other
2905,CC(C)I,2°,I,CC[O-],strong_base,polar_protic,low,other
2906,BrC1CCCCC1,2°,Br,RS-,strong_nucleophile,non_polar,low,other
2907,BrC1CCCCC1,2°,Br,Br2,radical_source,non_polar,low,other
2908,C=CC,alkene,None,Cl,acid,non_polar,low,electrophilic_addition
2909,CC(C)(C)Cl,3°,Cl,CC[O-],strong_base,polar_protic,heat,E2
2910,CCCCl,1°,Cl,CN-,strong_nucleophile,polar_protic,room_temp,SN2
2911,CC(C)(C)Cl,3°,Cl,O,weak_nucleophile,non_polar,low,other
2912,CCBr,1°,Br,CO,weak_nucleophile,non_polar,low,SN2
2913,CCBr,1°,Br,Br2,radical_source,polar_aprotic,room_temp,other
2914,CCC(C)(C)I,3°,I,CC[O-],strong_base,polar_aprotic,heat,E2
2915,C=C,alkene,None,Br2,radical_source,non_polar,room_temp,electrophilic_addition
2916,CCCCI,1°,I,CC[O-],strong_base,polar_aprotic,low,SN2
2917,CC(C)I,2°,I,O,weak_nucleophile,non_polar,heat,other
2918,CCC(C)Cl,2°,Cl,Cl,acid,non_polar,room_temp,other
2919,CC(C)(C)Cl,3°,Cl,[OH-],strong_base,polar_protic,heat,E2
2920,CBr,methyl,Br,Br,acid,polar_protic,low,other
2921,CC(C)I,2°,I,RS-,strong_nucleophile,polar_aprotic,room_temp,SN2
2922,CCC(C)Cl,2°,Cl,Cl2,radical_source,polar_aprotic,low,other
2923,CC(C)CBr,1°,Br,O,weak_nucleophile,polar_protic,heat,SN2
2924,CC(C)I,2°,I,RS-,strong_nucleophile,polar_protic,heat,other
2925,CC(C)(C)Br,3°,Br,Cl,acid,polar_protic,room_temp,other
2926,CC(C)Br,2°,Br,Cl,acid,polar_aprotic,heat,other
2927,BrC1CCCCC1,2°,Br,I-,strong_nucleophile,polar_protic,room_temp,other
2928,CCBr,1°,Br,Br,acid,polar_protic,room_temp,other
2929,CC(C)Br,2°,Br,Br,acid,non_polar,heat,other
2930,CC(C)CBr,1°,Br,CN-,strong_nucleophile,polar_protic,low,SN2
2931,CCCCI,1°,I,CO,weak_nucleophile,polar_aprotic,low,SN2
2932,CI,methyl,I,CO,weak_nucleophile,polar_aprotic,heat,SN2
2933,CCC(C)(C)Br,3°,Br,Br,acid,polar_aprotic,room_temp,other
2934,C=C(C)C,alkene,None,Cl,acid,polar_protic,room_temp,electrophilic_addition
2935,CCC(C)(C)I,3°,I,[OH-],strong_base,polar_aprotic,heat,E2
2936,C=C,alkene,None,Br2,radical_source,polar_protic,room_temp,electrophilic_addition
2937,CC(C)(C)Br,3°,Br,[OH-],strong_base,polar_protic,heat,E2
2938,CCC(C)(C)Br,3°,Br,CN-,strong_nucleophile,polar_aprotic,low,other
2939,C=CC,alkene,None,Br2,radical_source,non_polar,room_temp,electrophilic_addition
2940,CC(C)CBr,1°,Br,[OH-],strong_base,polar_protic,low,SN2
2941,CC(C)(C)Cl,3°,Cl,CN-,strong_nucleophile,non_polar,heat,other
2942,CC(C)CBr,1°,Br,Br2,radical_source,non_polar,low,other
2943,CBr,methyl,Br,Br,acid,polar_protic,room_temp,other
2944,CCCCl,1°,Cl,I-,strong_nucleophile,non_polar,heat,SN2
2945,CCC(C)(C)Br,3°,Br,Br2,radical_source,polar_protic,low,other
2946,CC(C)(C)Br,3°,Br,O,weak_nucleophile,polar_protic,heat,E1
2947,CC(C)I,2°,I,Br2,radical_source,polar_protic,low,other
2948,CC(C)(C)Cl,3°,Cl,Cl,acid,polar_protic,low,other
2949,CC(C)(C)Br,3°,Br,CO,weak_nucleophile,non_polar,low,other
2950,CCC(C)(C)Br,3°,Br,Cl,acid,polar_aprotic,heat,other
2951,CC(C)(C)Cl,3°,Cl,CC[O-],strong_base,non_polar,low,E2
2952,CBr,methyl,Br,O,weak_nucleophile,polar_aprotic,low,SN2
2953,CI,methyl,I,Br,acid,polar_protic,room_temp,other
2954,CC(C)(C)Br,3°,Br,Br,acid,polar_aprotic,low,other
2955,C=C(C)C,alkene,None,Br2,radical_source,polar_protic,room_temp,electrophilic_addition
2956,CC(C)Br,2°,Br,CO,weak_nucleophile,polar_protic,room_temp,SN1
2957,CCBr,1°,Br,Br2,radical_source,polar_aprotic,room_temp,other
2958,CC(C)CBr,1°,Br,CN-,strong_nucleophile,polar_protic,room_temp,SN2
2959,CCCCI,1°,I,Cl2,radical_source,non_polar,low,other
2960,CBr,methyl,Br,Cl,acid,polar_aprotic,heat,other
2961,CBr,methyl,Br,Br2,radical_source,polar_aprotic,low,other
2962,CCl,methyl,Cl,Cl2,radical_source,polar_aprotic,heat,other
2963,CCC(C)Cl,2°,Cl,O,weak_nucleophile,non_polar,room_temp,other
2964,CC(C)Br,2°,Br,RS-,strong_nucleophile,polar_protic,room_temp,other
2965,C=C(C)C,alkene,None,Cl,acid,non_polar,room_temp,electrophilic_addition
2966,CC(C)(C)Cl,3°,Cl,CO,weak_nucleophile,polar_protic,room_temp,SN1
2967,CCC(C)(C)Br,3°,Br,RS-,strong_nucleophile,polar_protic,room_temp,other
2968,CCC(C)(C)Br,3°,Br,Cl2,radical_source,polar_aprotic,low,other
2969,CC(C)(C)Cl,3°,Cl,CN-,strong_nucleophile,non_polar,room_temp,other
2970,CC(C)Br,2°,Br,CO,weak_nucleophile,polar_protic,low,SN1
2971,CCC(C)(C)Br,3°,Br,CN-,strong_nucleophile,polar_aprotic,room_temp,other
2972,CC(C)I,2°,I,O,weak_nucleophile,non_polar,heat,other
2973,CC(C)(C)Cl,3°,Cl,Cl,acid,polar_protic,low,other
2974,CC(C)(C)Cl,3°,Cl,Cl2,radical_source,polar_protic,heat,other
2975,CCCCl,1°,Cl,Cl2,radical_source,polar_protic,heat,other
2976,CC(C)(C)Cl,3°,Cl,CO,weak_nucleophile,polar_protic,low,SN1
2977,CC(C)(C)Br,3°,Br,RS-,strong_nucleophile,non_polar,room_temp,other
2978,CCl,methyl,Cl,Br2,radical_source,non_polar,heat,other
2979,C=C(C)C,alkene,None,Cl,acid,polar_aprotic,heat,electrophilic_addition
2980,CCC(C)(C)Br,3°,Br,CO,weak_nucleophile,polar_protic,room_temp,SN1
2981,CCC(C)Cl,2°,Cl,I-,strong_nucleophile,polar_aprotic,heat,SN2
2982,CC(C)(C)Br,3°,Br,CC[O-],strong_base,polar_protic,low,E2
2983,CBr,methyl,Br,[OH-],strong_base,polar_protic,room_temp,SN2
2984,CCCCl,1°,Cl,CN-,strong_nucleophile,polar_aprotic,room_temp,SN2
2985,CC(C)CBr,1°,Br,I-,strong_nucleophile,polar_aprotic,room_temp,SN2
2986,CC(C)(C)Cl,3°,Cl,CC[O-],strong_base,non_polar,low,E2
2987,CCBr,1°,Br,CC[O-],strong_base,polar_protic,low,SN2
2988,C=C,alkene,None,Br,acid,polar_protic,room_temp,electrophilic_addition
2989,CCl,methyl,Cl,O,weak_nucleophile,polar_aprotic,low,SN2
2990,CCC(C)(C)I,3°,I,I-,strong_nucleophile,polar_aprotic,heat,other
2991,BrC1CCCCC1,2°,Br,CO,weak_nucleophile,polar_protic,room_temp,SN1
2992,CCC(C)(C)Br,3°,Br,CO,weak_nucleophile,polar_aprotic,heat,other
2993,CCCCl,1°,Cl,CC[O-],strong_base,polar_aprotic,room_temp,SN2
2994,CCCCl,1°,Cl,Br,acid,non_polar,low,other
2995,CCC(C)(C)I,3°,I,Cl,acid,polar_aprotic,low,other
2996,CI,methyl,I,Br2,radical_source,non_polar,room_temp,other
2997,CC(C)Br,2°,Br,Br2,radical_source,polar_protic,low,other
2998,BrC1CCCCC1,2°,Br,O,weak_nucleophile,polar_aprotic,low,other
2999,CCCCl,1°,Cl,CC[O-],strong_base,non_polar,low,SN2
3000,CC(C)I,2°,I,CO,weak_nucleophile,polar_aprotic,low,other
3001,CCC(C)(C)I,3°,I,O,weak_nucleophile,polar_aprotic,room_temp,other
3002,CCCCI,1°,I,Br,acid,non_polar,room_temp,other
3003,C=C,alkene,None,Br2,radical_source,non_polar,low,electrophilic_addition
3004,CI,methyl,I,Br,acid,non_polar,low,other
3005,C=C(C)C,alkene,None,Cl,acid,polar_aprotic,low,electrophilic_addition
3006,CC(C)(C)Cl,3°,Cl,I-,strong_nucleophile,polar_aprotic,room_temp,other
3007,CC(C)CBr,1°,Br,CO,weak_nucleophile,non_polar,room_temp,SN2
3008,CC(C)CBr,1°,Br,Cl2,radical_source,polar_protic,low,other
3009,CCCCl,1°,Cl,Br2,radical_source,polar_protic,heat,other
3010,CBr,methyl,Br,Br2,radical_source,non_polar,heat,other
3011,CCCCl,1°,Cl,RS-,strong_nucleophile,non_polar,room_temp,SN2
3012,CC(C)Br,2°,Br,CC[O-],strong_base,polar_protic,heat,E2
3013,CC(C)CBr,1°,Br,Cl,acid,polar_protic,room_temp,other
3014,CCBr,1°,Br,Br,acid,non_polar,heat,other
3015,CI,methyl,I,Br2,radical_source,non_polar,room_temp,other
3016,CCBr,1°,Br,CC[O-],strong_base,polar_aprotic,heat,SN2
3017,CCC(C)(C)Br,3°,Br,Cl2,radical_source,non_polar,room_temp,other
3018,BrC1CCCCC1,2°,Br,[OH-],strong_base,non_polar,room_temp,other
3019,CC(C)I,2°,I,Br,acid,non_polar,heat,other
3020,C=CC,alkene,None,Cl2,radical_source,polar_protic,room_temp,electrophilic_addition
3021,CI,methyl,I,CC[O-],strong_base,non_polar,low,SN2
3022,CC(C)(C)Cl,3°,Cl,Br,acid,polar_protic,heat,other
3023,CC(C)CBr,1°,Br,Br,acid,polar_aprotic,heat,other
3024,CCC(C)(C)Br,3°,Br,CO,weak_nucleophile,polar_aprotic,low,other
3025,CBr,methyl,Br,O,weak_nucleophile,polar_aprotic,heat,SN2
3026,CC(C)I,2°,I,CN-,strong_nucleophile,non_polar,heat,other
3027,CCCCI,1°,I,CN-,strong_nucleophile,polar_protic,room_temp,SN2
3028,CC(C)(C)Br,3°,Br,Br,acid,non_polar,heat,other
3029,C=CC,alkene,None,Cl2,radical_source,polar_protic,room_temp,electrophilic_addition
3030,CC(C)I,2°,I,Br,acid,polar_protic,low,other
3031,CCCCI,1°,I,CN-,strong_nucleophile,polar_protic,heat,SN2
3032,CC(C)(C)Cl,3°,Cl,CN-,strong_nucleophile,non_polar,heat,other
3033,CCCCl,1°,Cl,O,weak_nucleophile,polar_protic,heat,SN2
3034,CC(C)CBr,1°,Br,[OH-],strong_base,polar_protic,heat,SN2
3035,BrC1CCCCC1,2°,Br,I-,strong_nucleophile,non_polar,low,other
3036,CCCCI,1°,I,Br2,radical_source,polar_protic,heat,other
3037,CCC(C)Cl,2°,Cl,O,weak_nucleophile,polar_aprotic,room_temp,other
3038,CCC(C)(C)I,3°,I,Cl2,radical_source,non_polar,room_temp,other
3039,CCl,methyl,Cl,[OH-],strong_base,non_polar,room_temp,SN2
3040,C=CC,alkene,None,Br,acid,polar_aprotic,low,electrophilic_addition
3041,C=C,alkene,None,Cl2,radical_source,polar_protic,room_temp,electrophilic_addition
3042,CCC(C)(C)Br,3°,Br,CN-,strong_nucleophile,polar_aprotic,heat,other
3043,CCC(C)(C)I,3°,I,I-,strong_nucleophile,polar_aprotic,heat,other
3044,CCCCI,1°,I,CN-,strong_nucleophile,polar_aprotic,low,SN2
3045,CC(C)(C)Cl,3°,Cl,[OH-],strong_base,polar_aprotic,room_temp,E2
3046,CC(C)I,2°,I,Br2,radical_source,polar_protic,low,other
3047,BrC1CCCCC1,2°,Br,Cl,acid,polar_protic,low,other
3048,CCCCl,1°,Cl,RS-,strong_nucleophile,polar_aprotic,heat,SN2
3049,CCCCl,1°,Cl,Cl2,radical_source,polar_aprotic,heat,other
3050,CCCCl,1°,Cl,O,weak_nucleophile,polar_aprotic,heat,SN2
3051,CC(C)(C)Cl,3°,Cl,CC[O-],strong_base,polar_aprotic,room_temp,E2
3052,CCCCl,1°,Cl,[OH-],strong_base,polar_protic,low,SN2
3053,CC(C)I,2°,I,CC[O-],strong_base,polar_aprotic,heat,E2
3054,C=C,alkene,None,Br,acid,polar_protic,low,electrophilic_addition
3055,CC(C)CBr,1°,Br,CN-,strong_nucleophile,polar_aprotic,room_temp,SN2
3056,CC(C)CBr,1°,Br,I-,strong_nucleophile,polar_protic,low,SN2
3057,CCC(C)(C)Br,3°,Br,CO,weak_nucleophile,non_polar,heat,other
3058,CC(C)I,2°,I,Cl,acid,non_polar,room_temp,other
3059,CC(C)(C)Cl,3°,Cl,CO,weak_nucleophile,polar_protic,heat,E1
3060,CCC(C)(C)I,3°,I,Cl,acid,non_polar,room_temp,other
3061,CCC(C)(C)Br,3°,Br,Cl2,radical_source,non_polar,room_temp,other
3062,CC(C)CBr,1°,Br,O,weak_nucleophile,non_polar,low,SN2
3063,CC(C)(C)Br,3°,Br,Br,acid,polar_aprotic,heat,other
3064,C=C,alkene,None,Cl,acid,polar_protic,low,electrophilic_addition
3065,CCC(C)(C)Br,3°,Br,CO,weak_nucleophile,non_polar,heat,other
3066,CC(C)(C)Cl,3°,Cl,[OH-],strong_base,polar_aprotic,heat,E2
3067,CC(C)CBr,1°,Br,Cl,acid,non_polar,room_temp,other
3068,BrC1CCCCC1,2°,Br,[OH-],strong_base,polar_aprotic,room_temp,other
3069,C=C,alkene,None,Cl,acid,non_polar,room_temp,electrophilic_addition
3070,CC(C)Br,2°,Br,Cl,acid,polar_protic,heat,other
3071,CCC(C)(C)I,3°,I,[OH-],strong_base,polar_protic,room_temp,E2
3072,CCC(C)Cl,2°,Cl,Cl2,radical_source,non_polar,heat,other
3073,CCCCI,1°,I,CN-,strong_nucleophile,non_polar,heat,SN2
3074,CCC(C)Cl,2°,Cl,Br2,radical_source,polar_aprotic,low,other
3075,CBr,methyl,Br,Cl2,radical_source,polar_aprotic,heat,other
3076,CC(C)Br,2°,Br,I-,strong_nucleophile,polar_aprotic,low,SN2
3077,CCC(C)Cl,2°,Cl,Br,acid,polar_aprotic,low,other
3078,BrC1CCCCC1,2°,Br,Br2,radical_source,polar_aprotic,low,other
3079,CC(C)CBr,1°,Br,CN-,strong_nucleophile,polar_protic,room_temp,SN2
3080,CC(C)(C)Cl,3°,Cl,I-,strong_nucleophile,polar_aprotic,heat,other
3081,C=C(C)C,alkene,None,Br2,radical_source,polar_protic,room_temp,electrophilic_addition
3082,CC(C)I,2°,I,CN-,strong_nucleophile,non_polar,heat,other
3083,C1CCCCC1,alkane,None,Br2,radical_source,non_polar,heat,radical_substitution
3084,CC(C)(C)Br,3°,Br,Br2,radical_source,polar_aprotic,heat,other
3085,CCl,methyl,Cl,Br,acid,non_polar,low,other
3086,CI,methyl,I,CO,weak_nucleophile,non_polar,low,SN2
3087,CC(C)Br,2°,Br,I-,strong_nucleophile,polar_protic,room_temp,other
3088,CC(C)(C)Br,3°,Br,Br,acid,polar_aprotic,room_temp,other
3089,CC(C)Br,2°,Br,[OH-],strong_base,polar_protic,heat,E2
3090,CBr,methyl,Br,Br2,radical_source,polar_aprotic,room_temp,other
3091,CCC(C)Cl,2°,Cl,Br,acid,polar_protic,low,other
3092,CCBr,1°,Br,Br,acid,polar_aprotic,room_temp,other
3093,CCC(C)(C)Br,3°,Br,O,weak_nucleophile,polar_protic,heat,E1
3094,CCC(C)Cl,2°,Cl,[OH-],strong_base,non_polar,low,other
3095,CCBr,1°,Br,O,weak_nucleophile,polar_aprotic,heat,SN2
3096,CC(C)Br,2°,Br,Cl2,radical_source,polar_aprotic,room_temp,other
3097,CBr,methyl,Br,Cl2,radical_source,polar_protic,heat,other
3098,BrC1CCCCC1,2°,Br,RS-,strong_nucleophile,polar_aprotic,room_temp,SN2
3099,CC(C)(C)Cl,3°,Cl,CN-,strong_nucleophile,polar_aprotic,heat,other
3100,CCC(C)(C)Br,3°,Br,[OH-],strong_base,polar_aprotic,low,E2
3101,C=C,alkene,None,Cl2,radical_source,polar_protic,low,electrophilic_addition
3102,CBr,methyl,Br,CC[O-],strong_base,polar_aprotic,room_temp,SN2
3103,CCCCl,1°,Cl,Cl2,radical_source,non_polar,heat,other
3104,C=CC,alkene,None,Br2,radical_source,polar_aprotic,room_temp,electrophilic_addition
3105,CI,methyl,I,CN-,strong_nucleophile,non_polar,room_temp,SN2
3106,CI,methyl,I,O,weak_nucleophile,polar_aprotic,low,SN2
3107,CC(C)(C)Br,3°,Br,[OH-],strong_base,polar_protic,heat,E2
3108,CC(C)I,2°,I,CO,weak_nucleophile,polar_aprotic,room_temp,other
3109,BrC1CCCCC1,2°,Br,RS-,strong_nucleophile,polar_aprotic,room_temp,SN2
3110,CI,methyl,I,Cl,acid,polar_protic,heat,other
3111,C=C,alkene,None,Br2,radical_source,polar_aprotic,room_temp,electrophilic_addition
3112,C=C(C)C,alkene,None,Cl2,radical_source,polar_protic,low,electrophilic_addition
3113,CC(C)(C)Cl,3°,Cl,CN-,strong_nucleophile,polar_protic,room_temp,other
3114,CC(C)CBr,1°,Br,Cl,acid,polar_aprotic,low,other
3115,CC(C)CBr,1°,Br,Cl,acid,polar_protic,heat,other
3116,CCCCI,1°,I,Cl,acid,polar_protic,low,other
3117,CC(C)Br,2°,Br,Br,acid,polar_aprotic,heat,other
3118,BrC1CCCCC1,2°,Br,Br2,radical_source,polar_protic,heat,other
3119,CC(C)(C)Br,3°,Br,CN-,strong_nucleophile,polar_aprotic,low,other
3120,CCBr,1°,Br,Br2,radical_source,polar_aprotic,heat,other
3121,CCC(C)(C)I,3°,I,Br,acid,polar_protic,room_temp,other
3122,CC(C)(C)Cl,3°,Cl,CC[O-],strong_base,polar_aprotic,heat,E2
3123,C=C(C)C,alkene,None,Cl2,radical_source,non_polar,low,electrophilic_addition
3124,CC(C)(C)Br,3°,Br,Cl2,radical_source,polar_aprotic,low,other
3125,CC(C)(C)Cl,3°,Cl,Cl,acid,non_polar,room_temp,other
3126,CC(C)(C)Br,3°,Br,CN-,strong_nucleophile,polar_aprotic,heat,other
3127,CCBr,1°,Br,CO,weak_nucleophile,polar_protic,low,SN2
3128,CC(C)CBr,1°,Br,CC[O-],strong_base,non_polar,room_temp,SN2
3129,CCl,methyl,Cl,Cl2,radical_source,polar_protic,room_temp,other
3130,CCC(C)(C)Br,3°,Br,CC[O-],strong_base,non_polar,heat,E2
3131,CCC(C)(C)Br,3°,Br,CC[O-],strong_base,polar_aprotic,room_temp,E2
3132,CC(C)(C)Cl,3°,Cl,Cl2,radical_source,polar_aprotic,low,other
3133,CI,methyl,I,CO,weak_nucleophile,polar_aprotic,low,SN2
3134,CCl,methyl,Cl,Cl,acid,polar_aprotic,heat,other
3135,CCl,methyl,Cl,[OH-],strong_base,polar_aprotic,low,SN2
3136,CC(C)I,2°,I,CN-,strong_nucleophile,non_polar,heat,other
3137,CCBr,1°,Br,[OH-],strong_base,polar_aprotic,low,SN2
3138,CC(C)I,2°,I,RS-,strong_nucleophile,polar_aprotic,heat,SN2
3139,CC(C)(C)Cl,3°,Cl,Br,acid,non_polar,room_temp,other
3140,CCC(C)(C)Br,3°,Br,O,weak_nucleophile,polar_aprotic,room_temp,other
3141,CC(C)Br,2°,Br,Br,acid,polar_aprotic,room_temp,other
3142,CC(C)(C)Cl,3°,Cl,CN-,strong_nucleophile,polar_protic,low,other
3143,CCC(C)(C)Br,3°,Br,[OH-],strong_base,non_polar,room_temp,E2
3144,CC(C)Br,2°,Br,Cl2,radical_source,polar_protic,heat,other
3145,CCCCI,1°,I,Br,acid,polar_aprotic,heat,other
3146,CC(C)(C)Cl,3°,Cl,I-,strong_nucleophile,polar_protic,heat,other
3147,CCCCl,1°,Cl,Cl2,radical_source,non_polar,room_temp,other
3148,CCBr,1°,Br,[OH-],strong_base,polar_protic,room_temp,SN2
3149,CCC(C)Cl,2°,Cl,I-,strong_nucleophile,polar_protic,room_temp,other
3150,CC(C)(C)Br,3°,Br,CO,weak_nucleophile,polar_protic,heat,E1
3151,BrC1CCCCC1,2°,Br,CO,weak_nucleophile,non_polar,heat,other
3152,CBr,methyl,Br,RS-,strong_nucleophile,non_polar,heat,SN2
3153,CCCCI,1°,I,I-,strong_nucleophile,polar_protic,low,SN2
3154,CCCCI,1°,I,CC[O-],strong_base,polar_aprotic,heat,SN2
3155,CC(C)(C)Cl,3°,Cl,RS-,strong_nucleophile,non_polar,heat,other
3156,CCl,methyl,Cl,Cl,acid,non_polar,heat,other
3157,CC(C)Br,2°,Br,I-,strong_nucleophile,non_polar,low,other
3158,CCBr,1°,Br,RS-,strong_nucleophile,non_polar,heat,SN2
3159,CCBr,1°,Br,I-,strong_nucleophile,non_polar,room_temp,SN2
3160,CCCCI,1°,I,Br2,radical_source,polar_aprotic,heat,other
3161,CC(C)(C)Br,3°,Br,CO,weak_nucleophile,polar_aprotic,low,other
3162,CC(C)CBr,1°,Br,[OH-],strong_base,polar_protic,heat,SN2
3163,CCl,methyl,Cl,Cl,acid,polar_aprotic,low,other
3164,CBr,methyl,Br,Br2,radical_source,polar_aprotic,room_temp,other
3165,CC(C)I,2°,I,Br,acid,polar_aprotic,heat,other
3166,CCBr,1°,Br,O,weak_nucleophile,non_polar,low,SN2
3167,CCBr,1°,Br,Br2,radical_source,polar_aprotic,room_temp,other
3168,CI,methyl,I,Br2,radical_source,polar_aprotic,heat,other
3169,CCC(C)(C)Br,3°,Br,RS-,strong_nucleophile,non_polar,room_temp,other
3170,CC(C)CBr,1°,Br,[OH-],strong_base,polar_aprotic,heat,SN2
3171,CC(C)Br,2°,Br,CN-,strong_nucleophile,polar_protic,room_temp,other
3172,CCC(C)Cl,2°,Cl,CC[O-],strong_base,non_polar,room_temp,other
3173,CCl,methyl,Cl,I-,strong_nucleophile,polar_aprotic,low,SN2
3174,CBr,methyl,Br,O,weak_nucleophile,non_polar,heat,SN2
3175,CCC(C)Cl,2°,Cl,O,weak_nucleophile,polar_aprotic,heat,other
3176,CCC(C)(C)Br,3°,Br,Cl2,radical_source,polar_protic,heat,other
3177,CC(C)CBr,1°,Br,RS-,strong_nucleophile,polar_protic,low,SN2
3178,CC(C)(C)Cl,3°,Cl,Cl2,radical_source,polar_aprotic,low,other
3179,CC(C)Br,2°,Br,Br,acid,non_polar,heat,other
3180,CC(C)I,2°,I,Cl,acid,polar_aprotic,room_temp,other
3181,CCCCl,1°,Cl,Cl2,radical_source,polar_aprotic,room_temp,other
3182,CC(C)(C)Cl,3°,Cl,O,weak_nucleophile,polar_aprotic,room_temp,other
3183,CBr,methyl,Br,Br,acid,polar_protic,room_temp,other
3184,CCCCl,1°,Cl,Cl,acid,polar_protic,room_temp,other
3185,CCCCI,1°,I,Br,acid,non_polar,heat,other
3186,CCCCl,1°,Cl,Cl2,radical_source,polar_protic,heat,other
3187,CC(C)I,2°,I,RS-,strong_nucleophile,polar_aprotic,low,SN2
3188,CI,methyl,I,I-,strong_nucleophile,polar_protic,room_temp,SN2
3189,CC(C)Br,2°,Br,Br2,radical_source,polar_aprotic,heat,other
3190,CI,methyl,I,CN-,strong_nucleophile,polar_aprotic,heat,SN2
3191,C=C(C)C,alkene,None,Cl,acid,non_polar,room_temp,electrophilic_addition
3192,CCl,methyl,Cl,RS-,strong_nucleophile,polar_protic,low,SN2
3193,CC(C)C,alkane,None,Cl2,radical_source,non_polar,room_temp,radical_substitution
3194,BrC1CCCCC1,2°,Br,I-,strong_nucleophile,polar_aprotic,heat,SN2
3195,C=C,alkene,None,Br,acid,polar_protic,low,electrophilic_addition
3196,CCC(C)(C)I,3°,I,CC[O-],strong_base,non_polar,room_temp,E2
3197,CCC(C)Cl,2°,Cl,Br,acid,polar_aprotic,room_temp,other
3198,CI,methyl,I,CN-,strong_nucleophile,non_polar,heat,SN2
3199,CC(C)I,2°,I,CC[O-],strong_base,polar_protic,room_temp,other
3200,CCBr,1°,Br,Cl2,radical_source,polar_aprotic,heat,other
3201,CC(C)CBr,1°,Br,O,weak_nucleophile,polar_aprotic,room_temp,SN2
3202,CCBr,1°,Br,CC[O-],strong_base,non_polar,heat,SN2
3203,CC(C)(C)Cl,3°,Cl,Cl2,radical_source,polar_aprotic,heat,other
3204,C=CC,alkene,None,Br,acid,polar_aprotic,low,electrophilic_addition
3205,CCC(C)Cl,2°,Cl,O,weak_nucleophile,polar_protic,low,SN1
3206,CC(C)Br,2°,Br,RS-,strong_nucleophile,polar_protic,room_temp,other
3207,CC(C)(C)Br,3°,Br,Br2,radical_source,polar_protic,room_temp,other
3208,CC(C)(C)Br,3°,Br,CO,weak_nucleophile,non_polar,room_temp,other
3209,CCC(C)(C)Br,3°,Br,O,weak_nucleophile,polar_aprotic,room_temp,other
3210,CC(C)Br,2°,Br,CN-,strong_nucleophile,polar_aprotic,room_temp,SN2
3211,CC(C)(C)Br,3°,Br,CO,weak_nucleophile,polar_protic,low,SN1
3212,CC(C)(C)Br,3°,Br,Br2,radical_source,polar_aprotic,heat,other
3213,CC(C)Br,2°,Br,CO,weak_nucleophile,non_polar,room_temp,other
3214,CI,methyl,I,Br,acid,polar_aprotic,room_temp,other
3215,CCC(C)(C)I,3°,I,CC[O-],strong_base,polar_aprotic,room_temp,E2
3216,CCC(C)(C)I,3°,I,O,weak_nucleophile,polar_aprotic,heat,other
3217,CCC(C)(C)I,3°,I,[OH-],strong_base,polar_protic,low,E2
3218,CCC(C)(C)Br,3°,Br,Cl,acid,non_polar,heat,other
3219,CC(C)(C)Br,3°,Br,CN-,strong_nucleophile,polar_aprotic,low,other
3220,CC(C)I,2°,I,[OH-],strong_base,non_polar,heat,E2
3221,CBr,methyl,Br,[OH-],strong_base,non_polar,heat,SN2
3222,CC(C)I,2°,I,Cl,acid,polar_aprotic,heat,other
3223,CBr,methyl,Br,CN-,strong_nucleophile,polar_protic,heat,SN2
3224,CC(C)(C)Cl,3°,Cl,Br,acid,polar_aprotic,room_temp,other
3225,CC(C)(C)Cl,3°,Cl,Cl,acid,polar_protic,room_temp,other
3226,CC(C)CBr,1°,Br,Br2,radical_source,polar_aprotic,low,other
3227,C=CC,alkene,None,Cl2,radical_source,polar_aprotic,heat,electrophilic_addition
3228,BrC1CCCCC1,2°,Br,Cl2,radical_source,non_polar,room_temp,other
3229,C=C(C)C,alkene,None,Br,acid,polar_aprotic,heat,electrophilic_addition
3230,C=C(C)C,alkene,None,Br,acid,polar_protic,room_temp,electrophilic_addition
3231,BrC1CCCCC1,2°,Br,Cl,acid,polar_protic,room_temp,other
3232,CCCCl,1°,Cl,Br,acid,polar_aprotic,low,other
3233,CC(C)I,2°,I,Br,acid,non_polar,low,other
3234,CBr,methyl,Br,[OH-],strong_base,polar_aprotic,low,SN2
3235,CCCCI,1°,I,CC[O-],strong_base,polar_protic,heat,SN2
3236,CC(C)I,2°,I,I-,strong_nucleophile,polar_aprotic,low,SN2
3237,CC(C)I,2°,I,CC[O-],strong_base,polar_protic,low,other
3238,CC(C)C,alkane,None,Cl2,radical_source,polar_aprotic,heat,radical_substitution
3239,CCBr,1°,Br,CC[O-],strong_base,polar_aprotic,heat,SN2
3240,CBr,methyl,Br,Br,acid,non_polar,room_temp,other
3241,CCC(C)(C)I,3°,I,Br,acid,non_polar,room_temp,other
3242,CCC(C)(C)Br,3°,Br,O,weak_nucleophile,non_polar,low,other
3243,CC(C)Br,2°,Br,CN-,strong_nucleophile,non_polar,room_temp,other
3244,CC(C)(C)Cl,3°,Cl,CC[O-],strong_base,polar_aprotic,room_temp,E2
3245,CCCCI,1°,I,CO,weak_nucleophile,polar_aprotic,heat,SN2
3246,CC(C)Br,2°,Br,CN-,strong_nucleophile,non_polar,low,other
3247,CCC(C)(C)I,3°,I,Br2,radical_source,polar_aprotic,heat,other
3248,CCC(C)(C)Br,3°,Br,Cl2,radical_source,polar_protic,room_temp,other
3249,CCCCl,1°,Cl,I-,strong_nucleophile,polar_protic,heat,SN2
3250,CCC(C)(C)I,3°,I,I-,strong_nucleophile,non_polar,room_temp,other
3251,CBr,methyl,Br,I-,strong_nucleophile,polar_protic,room_temp,SN2
3252,CCCCI,1°,I,Br2,radical_source,non_polar,room_temp,other
3253,CC(C)I,2°,I,RS-,strong_nucleophile,polar_aprotic,heat,SN2
3254,CCC(C)(C)Br,3°,Br,[OH-],strong_base,polar_protic,room_temp,E2
3255,CC(C)I,2°,I,O,weak_nucleophile,polar_protic,heat,SN1
3256,CC(C)Br,2°,Br,Br2,radical_source,non_polar,low,other
3257,CI,methyl,I,I-,strong_nucleophile,polar_aprotic,heat,SN2
3258,C=CC,alkene,None,Br2,radical_source,polar_protic,room_temp,electrophilic_addition
3259,CCl,methyl,Cl,RS-,strong_nucleophile,polar_aprotic,room_temp,SN2
3260,C=C(C)C,alkene,None,Cl2,radical_source,polar_protic,low,electrophilic_addition
3261,CCBr,1°,Br,CC[O-],strong_base,polar_aprotic,low,SN2
3262,CCC(C)(C)Br,3°,Br,CO,weak_nucleophile,polar_protic,room_temp,SN1
3263,CC(C)I,2°,I,RS-,strong_nucleophile,polar_protic,room_temp,other
3264,CI,methyl,I,CC[O-],strong_base,polar_protic,heat,SN2
3265,CCC(C)(C)Br,3°,Br,RS-,strong_nucleophile,non_polar,room_temp,other
3266,CBr,methyl,Br,I-,strong_nucleophile,polar_aprotic,low,SN2
3267,CC(C)I,2°,I,Cl,acid,polar_aprotic,low,other
3268,CC(C)CBr,1°,Br,Cl2,radical_source,polar_protic,room_temp,other
3269,CCC(C)Cl,2°,Cl,Cl2,radical_source,polar_protic,low,other
3270,CCl,methyl,Cl,RS-,strong_nucleophile,polar_aprotic,low,SN2
3271,CCCCl,1°,Cl,Cl2,radical_source,polar_aprotic,room_temp,other
3272,CC(C)(C)Br,3°,Br,I-,strong_nucleophile,polar_aprotic,room_temp,other
3273,CCCCl,1°,Cl,CN-,strong_nucleophile,polar_aprotic,low,SN2
3274,CC(C)I,2°,I,Cl,acid,non_polar,room_temp,other
3275,CC(C)Br,2°,Br,I-,strong_nucleophile,polar_protic,low,other
3276,CC(C)I,2°,I,Cl,acid,non_polar,heat,other
3277,CC(C)(C)Br,3°,Br,Cl2,radical_source,non_polar,heat,other
3278,CCCCI,1°,I,Br2,radical_source,polar_aprotic,low,other
3279,CC(C)(C)Br,3°,Br,Cl2,radical_source,polar_aprotic,heat,other
3280,CCBr,1°,Br,CN-,strong_nucleophile,polar_protic,heat,SN2
3281,CI,methyl,I,Cl2,radical_source,polar_aprotic,room_temp,other
3282,BrC1CCCCC1,2°,Br,Cl2,radical_source,non_polar,heat,other
3283,CCCCI,1°,I,[OH-],strong_base,non_polar,room_temp,SN2
3284,CC(C)Br,2°,Br,Cl,acid,polar_aprotic,low,other
3285,CC(C)C,alkane,None,Cl2,radical_source,polar_aprotic,heat,radical_substitution
3286,CCC(C)Cl,2°,Cl,Cl,acid,polar_protic,low,other
3287,CCC(C)(C)I,3°,I,Br,acid,polar_aprotic,heat,other
3288,CC(C)Br,2°,Br,Cl,acid,polar_aprotic,low,other
3289,CCBr,1°,Br,CC[O-],strong_base,polar_protic,room_temp,SN2
3290,CBr,methyl,Br,I-,strong_nucleophile,polar_aprotic,room_temp,SN2
3291,CCC(C)Cl,2°,Cl,CN-,strong_nucleophile,non_polar,room_temp,other
3292,CC(C)CBr,1°,Br,[OH-],strong_base,polar_aprotic,heat,SN2
3293,BrC1CCCCC1,2°,Br,[OH-],strong_base,non_polar,low,other
3294,CI,methyl,I,CO,weak_nucleophile,polar_protic,heat,SN2
3295,CBr,methyl,Br,Cl2,radical_source,polar_protic,low,other
3296,CCC(C)(C)Br,3°,Br,Br2,radical_source,polar_aprotic,room_temp,other
3297,CC(C)CBr,1°,Br,CO,weak_nucleophile,polar_aprotic,room_temp,SN2
3298,CCBr,1°,Br,CO,weak_nucleophile,polar_protic,heat,SN2
3299,CCC(C)Cl,2°,Cl,Br,acid,polar_protic,room_temp,other
3300,CCCCl,1°,Cl,I-,strong_nucleophile,polar_protic,room_temp,SN2
3301,CI,methyl,I,[OH-],strong_base,polar_aprotic,heat,SN2
3302,CBr,methyl,Br,[OH-],strong_base,polar_aprotic,low,SN2
3303,CC(C)CBr,1°,Br,Br,acid,polar_aprotic,room_temp,other
3304,C=C(C)C,alkene,None,Br2,radical_source,polar_protic,room_temp,electrophilic_addition
3305,CCC,alkane,None,Br2,radical_source,non_polar,room_temp,radical_substitution
3306,CC(C)(C)Cl,3°,Cl,Cl2,radical_source,polar_protic,heat,other
3307,CCl,methyl,Cl,CN-,strong_nucleophile,polar_protic,heat,SN2
3308,CCC(C)Cl,2°,Cl,CO,weak_nucleophile,polar_protic,heat,SN1
3309,CCC(C)Cl,2°,Cl,Cl,acid,polar_protic,low,other
3310,CCC(C)(C)Br,3°,Br,O,weak_nucleophile,polar_protic,heat,E1
3311,CC(C)(C)Cl,3°,Cl,CC[O-],strong_base,non_polar,heat,E2
3312,CC(C)Br,2°,Br,CC[O-],strong_base,non_polar,low,other
3313,CC(C)(C)Cl,3°,Cl,CO,weak_nucleophile,non_polar,room_temp,other
3314,CC(C)Br,2°,Br,CC[O-],strong_base,polar_protic,room_temp,other
3315,CC(C)(C)Cl,3°,Cl,Br2,radical_source,polar_protic,room_temp,other
3316,CC(C)(C)Cl,3°,Cl,CN-,strong_nucleophile,non_polar,low,other
3317,CC(C)(C)Cl,3°,Cl,Cl2,radical_source,polar_protic,low,other
3318,CI,methyl,I,Cl,acid,polar_protic,heat,other
3319,C=C,alkene,None,Cl2,radical_source,non_polar,room_temp,electrophilic_addition
3320,BrC1CCCCC1,2°,Br,I-,strong_nucleophile,polar_protic,low,other
3321,CC(C)(C)Cl,3°,Cl,CC[O-],strong_base,polar_aprotic,heat,E2
3322,C=CC,alkene,None,Cl,acid,polar_protic,low,electrophilic_addition
3323,CCC(C)Cl,2°,Cl,Br,acid,polar_aprotic,heat,other
3324,CCC(C)(C)Br,3°,Br,Cl2,radical_source,polar_aprotic,heat,other
3325,CC(C)(C)Br,3°,Br,I-,strong_nucleophile,non_polar,room_temp,other
3326,CC(C)(C)Br,3°,Br,[OH-],strong_base,polar_protic,heat,E2
3327,C=C,alkene,None,Cl2,radical_source,polar_aprotic,heat,electrophilic_addition
3328,CC(C)(C)Br,3°,Br,CO,weak_nucleophile,non_polar,heat,other
3329,CI,methyl,I,Br2,radical_source,polar_aprotic,heat,other
3330,CC(C)(C)Cl,3°,Cl,Cl2,radical_source,polar_aprotic,room_temp,other
3331,CCl,methyl,Cl,RS-,strong_nucleophile,polar_aprotic,heat,SN2
3332,CCC,alkane,None,Br2,radical_source,polar_protic,heat,radical_substitution
3333,CCC(C)(C)I,3°,I,Br,acid,polar_protic,heat,other
3334,CC(C)CBr,1°,Br,[OH-],strong_base,polar_aprotic,low,SN2
3335,C=C,alkene,None,Br2,radical_source,polar_protic,room_temp,electrophilic_addition
3336,CI,methyl,I,Br2,radical_source,polar_protic,heat,other
3337,CCl,methyl,Cl,Br,acid,polar_protic,room_temp,other
3338,CC(C)CBr,1°,Br,I-,strong_nucleophile,polar_protic,heat,SN2
3339,CCC(C)Cl,2°,Cl,CO,weak_nucleophile,non_polar,low,other
3340,CCl,methyl,Cl,CN-,strong_nucleophile,polar_aprotic,low,SN2
3341,CCC(C)(C)I,3°,I,O,weak_nucleophile,polar_aprotic,room_temp,other
3342,CBr,methyl,Br,CN-,strong_nucleophile,non_polar,room_temp,SN2
3343,CCCCI,1°,I,Cl,acid,polar_protic,room_temp,other
3344,CCC(C)(C)Br,3°,Br,CN-,strong_nucleophile,polar_protic,room_temp,other
3345,CCCCI,1°,I,I-,strong_nucleophile,non_polar,room_temp,SN2
3346,CBr,methyl,Br,O,weak_nucleophile,polar_aprotic,low,SN2
3347,CCC(C)(C)I,3°,I,CN-,strong_nucleophile,non_polar,room_temp,other
3348,CC(C)CBr,1°,Br,CO,weak_nucleophile,polar_protic,heat,SN2
3349,CC(C)I,2°,I,Cl,acid,polar_aprotic,room_temp,other
3350,CC(C)I,2°,I,Br2,radical_source,polar_protic,heat,other
3351,CCC(C)(C)Br,3°,Br,CN-,strong_nucleophile,polar_protic,heat,other
3352,CCC(C)Cl,2°,Cl,Cl,acid,polar_aprotic,heat,other
3353,CCBr,1°,Br,RS-,strong_nucleophile,polar_protic,room_temp,SN2
3354,CC(C)(C)Br,3°,Br,Br,acid,polar_protic,heat,other
3355,CCC(C)(C)I,3°,I,O,weak_nucleophile,polar_protic,room_temp,SN1
3356,CC(C)I,2°,I,Br,acid,polar_protic,room_temp,other
3357,CCl,methyl,Cl,O,weak_nucleophile,polar_aprotic,room_temp,SN2
3358,CBr,methyl,Br,Br,acid,polar_protic,low,other
3359,CCBr,1°,Br,Br2,radical_source,polar_protic,room_temp,other
3360,BrC1CCCCC1,2°,Br,Br2,radical_source,non_polar,room_temp,other
3361,CI,methyl,I,O,weak_nucleophile,polar_protic,low,SN2
3362,CC(C)CBr,1°,Br,Cl,acid,polar_protic,room_temp,other
3363,CCC(C)(C)I,3°,I,Br2,radical_source,polar_protic,low,other
3364,CCBr,1°,Br,Cl2,radical_source,non_polar,heat,other
3365,CC(C)(C)Cl,3°,Cl,CO,weak_nucleophile,polar_aprotic,low,other
3366,CCBr,1°,Br,Br,acid,polar_protic,heat,other
3367,CCBr,1°,Br,CC[O-],strong_base,polar_aprotic,room_temp,SN2
3368,CC(C)CBr,1°,Br,Br2,radical_source,non_polar,room_temp,other
3369,CCC(C)(C)Br,3°,Br,CC[O-],strong_base,non_polar,heat,E2
3370,CCC(C)Cl,2°,Cl,CC[O-],strong_base,non_polar,low,other
3371,CCC,alkane,None,Cl2,radical_source,non_polar,heat,radical_substitution
3372,CBr,methyl,Br,Cl2,radical_source,polar_protic,low,other
3373,CC(C)(C)Cl,3°,Cl,[OH-],strong_base,non_polar,low,E2
3374,CCCCl,1°,Cl,CC[O-],strong_base,polar_aprotic,heat,SN2
3375,CCCCl,1°,Cl,Br,acid,polar_protic,room_temp,other
3376,CBr,methyl,Br,I-,strong_nucleophile,polar_protic,low,SN2
3377,BrC1CCCCC1,2°,Br,I-,strong_nucleophile,non_polar,heat,other
3378,BrC1CCCCC1,2°,Br,O,weak_nucleophile,polar_protic,room_temp,SN1
3379,CCCCl,1°,Cl,Cl2,radical_source,non_polar,low,other
3380,C=C(C)C,alkene,None,Br2,radical_source,polar_aprotic,heat,electrophilic_addition
3381,CC(C)Br,2°,Br,CN-,strong_nucleophile,polar_protic,low,other
3382,BrC1CCCCC1,2°,Br,I-,strong_nucleophile,polar_aprotic,low,SN2
3383,CC(C)I,2°,I,O,weak_nucleophile,polar_aprotic,heat,other
3384,C=CC,alkene,None,Cl,acid,polar_protic,heat,electrophilic_addition
3385,CC(C)CBr,1°,Br,Cl2,radical_source,polar_aprotic,room_temp,other
3386,CC(C)Br,2°,Br,I-,strong_nucleophile,polar_aprotic,heat,SN2
3387,CC(C)CBr,1°,Br,Br,acid,polar_protic,room_temp,other
3388,CI,methyl,I,Br,acid,polar_aprotic,room_temp,other
3389,CC(C)(C)Br,3°,Br,CC[O-],strong_base,polar_protic,low,E2
3390,CC(C)(C)Br,3°,Br,CN-,strong_nucleophile,polar_protic,room_temp,other
3391,CBr,methyl,Br,Cl2,radical_source,non_polar,heat,other
3392,CBr,methyl,Br,O,weak_nucleophile,polar_protic,heat,SN2
3393,CCBr,1°,Br,CO,weak_nucleophile,polar_protic,low,SN2
3394,CC(C)(C)Cl,3°,Cl,Br,acid,non_polar,room_temp,other
3395,CC(C)(C)Cl,3°,Cl,Br,acid,polar_aprotic,heat,other
3396,CCC(C)(C)I,3°,I,Cl2,radical_source,polar_protic,heat,other
3397,CC(C)CBr,1°,Br,RS-,strong_nucleophile,polar_protic,low,SN2
3398,CC(C)(C)Br,3°,Br,[OH-],strong_base,polar_aprotic,room_temp,E2
3399,CCC(C)(C)Br,3°,Br,Cl,acid,polar_protic,room_temp,other
3400,CBr,methyl,Br,I-,strong_nucleophile,polar_aprotic,room_temp,SN2
3401,CCC(C)(C)Br,3°,Br,[OH-],strong_base,polar_protic,low,E2
3402,C=C(C)C,alkene,None,Cl,acid,polar_protic,room_temp,electrophilic_addition
3403,CCC(C)Cl,2°,Cl,Br2,radical_source,polar_aprotic,heat,other
3404,CC(C)CBr,1°,Br,RS-,strong_nucleophile,polar_protic,low,SN2
3405,CCC(C)(C)Br,3°,Br,Cl2,radical_source,polar_aprotic,low,other
3406,CCCCI,1°,I,Cl2,radical_source,polar_protic,heat,other
3407,CCCCl,1°,Cl,Cl,acid,polar_aprotic,low,other
3408,CC(C)I,2°,I,RS-,strong_nucleophile,polar_aprotic,low,SN2
3409,CC(C)(C)Br,3°,Br,Cl2,radical_source,non_polar,low,other
3410,BrC1CCCCC1,2°,Br,O,weak_nucleophile,polar_aprotic,room_temp,other
3411,C=CC,alkene,None,Cl,acid,polar_protic,room_temp,electrophilic_addition
3412,CI,methyl,I,CN-,strong_nucleophile,polar_protic,room_temp,SN2
3413,CCC(C)(C)Br,3°,Br,I-,strong_nucleophile,non_polar,room_temp,other
3414,CC(C)I,2°,I,CO,weak_nucleophile,polar_aprotic,heat,other
3415,CCC(C)Cl,2°,Cl,CN-,strong_nucleophile,polar_aprotic,low,SN2
3416,CC(C)(C)Cl,3°,Cl,RS-,strong_nucleophile,non_polar,room_temp,other
3417,CC(C)CBr,1°,Br,I-,strong_nucleophile,polar_protic,room_temp,SN2
3418,CI,methyl,I,I-,strong_nucleophile,non_polar,heat,SN2
3419,CCC(C)(C)I,3°,I,I-,strong_nucleophile,polar_protic,heat,other
3420,CCC(C)Cl,2°,Cl,O,weak_nucleophile,non_polar,low,other
3421,CC(C)CBr,1°,Br,O,weak_nucleophile,polar_protic,room_temp,SN2
3422,CC(C)(C)Cl,3°,Cl,[OH-],strong_base,non_polar,heat,E2
3423,CCC(C)Cl,2°,Cl,I-,strong_nucleophile,polar_protic,heat,other
3424,CC(C)(C)Cl,3°,Cl,O,weak_nucleophile,non_polar,low,other
3425,CC(C)(C)Br,3°,Br,CC[O-],strong_base,polar_aprotic,room_temp,E2
3426,CI,methyl,I,CC[O-],strong_base,polar_protic,room_temp,SN2
3427,CC(C)CBr,1°,Br,Cl2,radical_source,polar_aprotic,room_temp,other
3428,CC(C)(C)Cl,3°,Cl,[OH-],strong_base,non_polar,low,E2
3429,CCCCl,1°,Cl,I-,strong_nucleophile,polar_protic,room_temp,SN2
3430,CC(C)I,2°,I,Cl,acid,polar_aprotic,room_temp,other
3431,CCBr,1°,Br,I-,strong_nucleophile,polar_protic,room_temp,SN2
3432,CC(C)Br,2°,Br,CN-,strong_nucleophile,non_polar,heat,other
3433,CC(C)CBr,1°,Br,CN-,strong_nucleophile,polar_protic,low,SN2
3434,CC(C)CBr,1°,Br,CO,weak_nucleophile,polar_protic,low,SN2
3435,CC(C)(C)Br,3°,Br,CN-,strong_nucleophile,non_polar,heat,other
3436,CCBr,1°,Br,RS-,strong_nucleophile,polar_aprotic,heat,SN2
3437,CC(C)(C)Br,3°,Br,RS-,strong_nucleophile,non_polar,heat,other
3438,CI,methyl,I,O,weak_nucleophile,polar_protic,low,SN2
3439,CCl,methyl,Cl,RS-,strong_nucleophile,non_polar,room_temp,SN2
3440,CCC(C)(C)I,3°,I,CN-,strong_nucleophile,polar_protic,heat,other
3441,CCC(C)Cl,2°,Cl,O,weak_nucleophile,polar_protic,heat,SN1
3442,CCC(C)(C)Br,3°,Br,Cl,acid,polar_protic,room_temp,other
3443,CI,methyl,I,CC[O-],strong_base,polar_aprotic,heat,SN2
3444,CCC(C)(C)I,3°,I,CC[O-],strong_base,polar_aprotic,low,E2
3445,C1CCCCC1,alkane,None,Cl2,radical_source,polar_aprotic,heat,radical_substitution
3446,CCC(C)(C)I,3°,I,CO,weak_nucleophile,non_polar,low,other
3447,CCCCI,1°,I,CO,weak_nucleophile,polar_aprotic,low,SN2
3448,CC(C)Br,2°,Br,CN-,strong_nucleophile,polar_protic,room_temp,other
3449,CCBr,1°,Br,Br,acid,non_polar,low,other
3450,CCCCI,1°,I,O,weak_nucleophile,non_polar,heat,SN2
3451,CCC(C)(C)I,3°,I,Cl2,radical_source,polar_aprotic,low,other
3452,CC(C)Br,2°,Br,Cl,acid,non_polar,low,other
3453,CCC(C)Cl,2°,Cl,Cl,acid,polar_protic,heat,other
3454,CC(C)CBr,1°,Br,CC[O-],strong_base,polar_protic,low,SN2
3455,CC(C)(C)Br,3°,Br,RS-,strong_nucleophile,polar_aprotic,low,other
3456,CC(C)(C)Br,3°,Br,I-,strong_nucleophile,polar_protic,room_temp,other
3457,CI,methyl,I,Cl2,radical_source,non_polar,heat,other
3458,CBr,methyl,Br,Br,acid,polar_aprotic,heat,other
3459,CCCCI,1°,I,O,weak_nucleophile,non_polar,heat,SN2
3460,CCC(C)Cl,2°,Cl,RS-,strong_nucleophile,non_polar,low,other
3461,CCC(C)Cl,2°,Cl,CN-,strong_nucleophile,non_polar,room_temp,other
3462,CC(C)I,2°,I,[OH-],strong_base,polar_protic,room_temp,other
3463,C1CCCCC1,alkane,None,Br2,radical_source,polar_aprotic,room_temp,radical_substitution
3464,CC(C)CBr,1°,Br,CO,weak_nucleophile,polar_aprotic,low,SN2
3465,CC(C)(C)Cl,3°,Cl,Br,acid,non_polar,low,other
3466,BrC1CCCCC1,2°,Br,CO,weak_nucleophile,polar_aprotic,heat,other
3467,CC(C)(C)Br,3°,Br,Cl,acid,polar_aprotic,low,other
3468,CC(C)I,2°,I,CO,weak_nucleophile,non_polar,heat,other
3469,CCCCI,1°,I,Br,acid,polar_aprotic,low,other
3470,CC(C)I,2°,I,[OH-],strong_base,non_polar,room_temp,other
3471,C=C,alkene,None,Br,acid,polar_protic,room_temp,electrophilic_addition
3472,CCCCI,1°,I,I-,strong_nucleophile,non_polar,low,SN2
3473,CCCCI,1°,I,CN-,strong_nucleophile,polar_aprotic,room_temp,SN2
3474,CBr,methyl,Br,RS-,strong_nucleophile,polar_protic,heat,SN2
3475,CC(C)I,2°,I,Cl,acid,polar_aprotic,heat,other
3476,BrC1CCCCC1,2°,Br,Cl,acid,non_polar,room_temp,other
3477,CCCCI,1°,I,Cl,acid,polar_aprotic,room_temp,other
3478,CCC(C)(C)I,3°,I,CN-,strong_nucleophile,polar_aprotic,room_temp,other
3479,CCC(C)(C)Br,3°,Br,Br2,radical_source,polar_aprotic,low,other
3480,CC(C)CBr,1°,Br,Cl2,radical_source,non_polar,low,other
3481,CCCCl,1°,Cl,RS-,strong_nucleophile,polar_aprotic,low,SN2
3482,CCCCl,1°,Cl,Cl,acid,polar_aprotic,heat,other
3483,CC(C)(C)Br,3°,Br,CO,weak_nucleophile,polar_protic,room_temp,SN1
3484,CCC(C)(C)Br,3°,Br,Br2,radical_source,polar_protic,room_temp,other
3485,CC(C)I,2°,I,Br2,radical_source,polar_protic,room_temp,other
3486,CC(C)CBr,1°,Br,I-,strong_nucleophile,polar_aprotic,low,SN2
3487,CC(C)(C)Br,3°,Br,CO,weak_nucleophile,polar_aprotic,heat,other
3488,C=C,alkene,None,Br2,radical_source,polar_aprotic,heat,electrophilic_addition
3489,CI,methyl,I,Br2,radical_source,non_polar,room_temp,other
3490,CI,methyl,I,Cl2,radical_source,polar_protic,heat,other
3491,CCC(C)(C)Br,3°,Br,I-,strong_nucleophile,polar_aprotic,low,other
3492,CCC(C)(C)I,3°,I,[OH-],strong_base,polar_aprotic,room_temp,E2
3493,CC(C)CBr,1°,Br,CN-,strong_nucleophile,polar_protic,heat,SN2
3494,CCCCl,1°,Cl,Cl,acid,non_polar,room_temp,other
3495,CCCCl,1°,Cl,Cl2,radical_source,polar_protic,heat,other
3496,CCC(C)(C)Br,3°,Br,O,weak_nucleophile,polar_aprotic,low,other
3497,CC(C)(C)Br,3°,Br,Cl2,radical_source,polar_aprotic,low,other
3498,BrC1CCCCC1,2°,Br,CC[O-],strong_base,polar_aprotic,heat,E2
3499,CC(C)(C)Cl,3°,Cl,CO,weak_nucleophile,polar_aprotic,low,other
3500,CBr,methyl,Br,Br2,radical_source,non_polar,low,other
3501,CCC(C)(C)Br,3°,Br,Br,acid,polar_protic,heat,other
3502,CI,methyl,I,Br2,radical_source,polar_protic,low,other
3503,CI,methyl,I,Cl,acid,polar_aprotic,heat,other
3504,CI,methyl,I,Cl2,radical_source,polar_aprotic,heat,other
3505,CC(C)Br,2°,Br,CO,weak_nucleophile,polar_aprotic,room_temp,other
3506,CC(C)(C)Br,3°,Br,Br2,radical_source,polar_aprotic,room_temp,other
3507,CBr,methyl,Br,[OH-],strong_base,polar_aprotic,low,SN2
3508,CC(C)I,2°,I,[OH-],strong_base,non_polar,heat,E2
3509,CCC(C)Cl,2°,Cl,O,weak_nucleophile,polar_protic,room_temp,SN1
3510,CBr,methyl,Br,Br2,radical_source,polar_protic,low,other
3511,CCC(C)(C)I,3°,I,Cl2,radical_source,non_polar,room_temp,other
3512,CCCCl,1°,Cl,Cl2,radical_source,polar_aprotic,heat,other
3513,BrC1CCCCC1,2°,Br,Br,acid,polar_aprotic,heat,other
3514,CC(C)I,2°,I,CO,weak_nucleophile,non_polar,heat,other
3515,CCC(C)Cl,2°,Cl,I-,strong_nucleophile,polar_aprotic,heat,SN2
3516,CC(C)(C)Br,3°,Br,Cl2,radical_source,non_polar,low,other
3517,CC(C)Br,2°,Br,CN-,strong_nucleophile,polar_aprotic,heat,SN2
3518,C=C,alkene,None,Br,acid,non_polar,room_temp,electrophilic_addition
3519,CBr,methyl,Br,O,weak_nucleophile,polar_protic,room_temp,SN2
3520,CCCCl,1°,Cl,CN-,strong_nucleophile,non_polar,room_temp,SN2
3521,C=C,alkene,None,Br2,radical_source,polar_protic,room_temp,electrophilic_addition
3522,CCl,methyl,Cl,I-,strong_nucleophile,polar_aprotic,heat,SN2
3523,CCC(C)(C)I,3°,I,RS-,strong_nucleophile,polar_aprotic,room_temp,other
3524,CC(C)I,2°,I,[OH-],strong_base,polar_aprotic,room_temp,other
3525,CI,methyl,I,CO,weak_nucleophile,polar_protic,heat,SN2
3526,CCBr,1°,Br,[OH-],strong_base,non_polar,low,SN2
3527,CI,methyl,I,CC[O-],strong_base,polar_protic,room_temp,SN2
3528,CCCCI,1°,I,CC[O-],strong_base,polar_aprotic,low,SN2
3529,CC(C)I,2°,I,Br,acid,polar_protic,low,other
3530,C=CC,alkene,None,Br2,radical_source,polar_protic,heat,electrophilic_addition
3531,CCC(C)(C)Br,3°,Br,I-,strong_nucleophile,polar_aprotic,low,other
3532,CCl,methyl,Cl,I-,strong_nucleophile,polar_protic,room_temp,SN2
3533,CBr,methyl,Br,[OH-],strong_base,non_polar,low,SN2
3534,CI,methyl,I,Br2,radical_source,non_polar,heat,other
3535,BrC1CCCCC1,2°,Br,I-,strong_nucleophile,non_polar,room_temp,other
3536,CCC(C)(C)I,3°,I,[OH-],strong_base,polar_protic,room_temp,E2
3537,CC(C)CBr,1°,Br,RS-,strong_nucleophile,polar_aprotic,room_temp,SN2
3538,CC(C)(C)Cl,3°,Cl,CC[O-],strong_base,non_polar,room_temp,E2
3539,CC(C)CBr,1°,Br,CO,weak_nucleophile,polar_protic,heat,SN2
3540,CC(C)I,2°,I,O,weak_nucleophile,non_polar,room_temp,other
3541,CCC(C)(C)I,3°,I,Cl,acid,polar_aprotic,room_temp,other
3542,CCC(C)(C)I,3°,I,CO,weak_nucleophile,non_polar,low,other
3543,CCC(C)Cl,2°,Cl,Br2,radical_source,polar_aprotic,low,other
3544,CCl,methyl,Cl,Br2,radical_source,non_polar,heat,other
3545,CC(C)I,2°,I,[OH-],strong_base,non_polar,heat,E2
3546,CBr,methyl,Br,Br,acid,polar_protic,low,other
3547,CCCCl,1°,Cl,CO,weak_nucleophile,polar_aprotic,low,SN2
3548,CI,methyl,I,Br2,radical_source,non_polar,low,other
3549,CCC(C)Cl,2°,Cl,Br2,radical_source,polar_aprotic,low,other
3550,CBr,methyl,Br,I-,strong_nucleophile,polar_aprotic,room_temp,SN2
3551,CI,methyl,I,Cl,acid,polar_protic,low,other
3552,CC(C)CBr,1°,Br,CC[O-],strong_base,polar_protic,room_temp,SN2
3553,CCC(C)(C)Br,3°,Br,Br,acid,polar_protic,heat,other
3554,CCBr,1°,Br,CN-,strong_nucleophile,non_polar,heat,SN2
3555,CCCCI,1°,I,I-,strong_nucleophile,polar_protic,low,SN2
3556,C=C(C)C,alkene,None,Br2,radical_source,polar_aprotic,room_temp,electrophilic_addition
3557,CC(C)(C)Br,3°,Br,[OH-],strong_base,polar_aprotic,heat,E2
3558,CBr,methyl,Br,Cl,acid,polar_protic,heat,other
3559,CC(C)I,2°,I,RS-,strong_nucleophile,non_polar,room_temp,other
3560,CC(C)C,alkane,None,Br2,radical_source,polar_aprotic,room_temp,radical_substitution
3561,CC(C)CBr,1°,Br,O,weak_nucleophile,non_polar,heat,SN2
3562,CCBr,1°,Br,Cl,acid,non_polar,heat,other
3563,CCCCI,1°,I,CN-,strong_nucleophile,polar_aprotic,heat,SN2
3564,CCC(C)Cl,2°,Cl,Br2,radical_source,non_polar,heat,other
3565,CC(C)I,2°,I,CO,weak_nucleophile,polar_aprotic,room_temp,other
3566,CCC(C)(C)I,3°,I,O,weak_nucleophile,polar_protic,heat,E1
3567,CI,methyl,I,CO,weak_nucleophile,polar_protic,heat,SN2
3568,CC(C)Br,2°,Br,CO,weak_nucleophile,polar_protic,room_temp,SN1
3569,CCC(C)(C)I,3°,I,CN-,strong_nucleophile,polar_aprotic,low,other
3570,CC(C)(C)Cl,3°,Cl,Br,acid,non_polar,room_temp,other
3571,CI,methyl,I,Br2,radical_source,non_polar,low,other
3572,CBr,methyl,Br,O,weak_nucleophile,polar_aprotic,low,SN2
3573,CCCCI,1°,I,CO,weak_nucleophile,polar_aprotic,room_temp,SN2
3574,CCC(C)(C)Br,3°,Br,CC[O-],strong_base,polar_aprotic,low,E2
3575,C1CCCCC1,alkane,None,Br2,radical_source,polar_protic,room_temp,radical_substitution
3576,CC(C)Br,2°,Br,I-,strong_nucleophile,non_polar,low,other
3577,CCC(C)(C)Br,3°,Br,CN-,strong_nucleophile,polar_protic,low,other
3578,CCCCl,1°,Cl,O,weak_nucleophile,non_polar,heat,SN2
3579,CC(C)Br,2°,Br,[OH-],strong_base,polar_protic,low,other
3580,CC(C)(C)Br,3°,Br,CO,weak_nucleophile,polar_aprotic,heat,other
3581,CC(C)(C)Cl,3°,Cl,RS-,strong_nucleophile,non_polar,low,other
3582,CCl,methyl,Cl,O,weak_nucleophile,polar_aprotic,low,SN2
3583,CCCCl,1°,Cl,[OH-],strong_base,polar_aprotic,low,SN2
3584,C=C(C)C,alkene,None,Br,acid,polar_protic,low,electrophilic_addition
3585,CC(C)(C)Br,3°,Br,Cl,acid,polar_protic,heat,other
3586,CCCCl,1°,Cl,[OH-],strong_base,polar_protic,low,SN2
3587,BrC1CCCCC1,2°,Br,Cl2,radical_source,polar_protic,low,other
3588,BrC1CCCCC1,2°,Br,Br2,radical_source,polar_protic,heat,other
3589,CCC(C)(C)Br,3°,Br,Br,acid,polar_protic,heat,other
3590,CC(C)CBr,1°,Br,[OH-],strong_base,polar_aprotic,room_temp,SN2
3591,CI,methyl,I,Br2,radical_source,polar_protic,low,other
3592,CC(C)(C)Cl,3°,Cl,Br,acid,polar_protic,low,other
3593,CCCCl,1°,Cl,O,weak_nucleophile,polar_protic,low,SN2
3594,C=C(C)C,alkene,None,Cl2,radical_source,polar_protic,low,electrophilic_addition
3595,CCCCI,1°,I,Br2,radical_source,polar_aprotic,low,other
3596,CCC(C)(C)I,3°,I,I-,strong_nucleophile,polar_aprotic,heat,other
3597,CC(C)Br,2°,Br,RS-,strong_nucleophile,non_polar,room_temp,other
3598,CCCCl,1°,Cl,O,weak_nucleophile,polar_protic,heat,SN2
3599,CCC(C)Cl,2°,Cl,[OH-],strong_base,polar_protic,room_temp,other
3600,CCBr,1°,Br,CC[O-],strong_base,polar_protic,heat,SN2
3601,C=CC,alkene,None,Cl2,radical_source,polar_protic,heat,electrophilic_addition
3602,CC(C)(C)Br,3°,Br,I-,strong_nucleophile,polar_aprotic,low,other
3603,CCC(C)(C)Br,3°,Br,O,weak_nucleophile,polar_protic,heat,E1
3604,CCCCI,1°,I,Br,acid,polar_aprotic,heat,other
3605,CCBr,1°,Br,CC[O-],strong_base,non_polar,heat,SN2
3606,CC(C)CBr,1°,Br,O,weak_nucleophile,non_polar,room_temp,SN2
3607,CCCCI,1°,I,CC[O-],strong_base,polar_protic,low,SN2
3608,CCBr,1°,Br,Br2,radical_source,polar_aprotic,low,other
3609,CCBr,1°,Br,Cl,acid,polar_aprotic,heat,other
3610,CCCCI,1°,I,[OH-],strong_base,polar_protic,low,SN2
3611,CC(C)(C)Cl,3°,Cl,RS-,strong_nucleophile,polar_aprotic,heat,other
3612,CC(C)I,2°,I,Br,acid,polar_aprotic,heat,other
3613,CCBr,1°,Br,Cl2,radical_source,non_polar,low,other
3614,CCC(C)Cl,2°,Cl,O,weak_nucleophile,polar_protic,low,SN1
3615,CCC(C)Cl,2°,Cl,RS-,strong_nucleophile,polar_protic,low,other
3616,CI,methyl,I,I-,strong_nucleophile,polar_protic,heat,SN2
3617,CCBr,1°,Br,CN-,strong_nucleophile,polar_protic,low,SN2
3618,CCl,methyl,Cl,CC[O-],strong_base,polar_protic,room_temp,SN2
3619,CC(C)I,2°,I,O,weak_nucleophile,polar_protic,room_temp,SN1
3620,CCCCI,1°,I,CN-,strong_nucleophile,polar_aprotic,heat,SN2
3621,CCCCl,1°,Cl,Br,acid,polar_aprotic,heat,other
3622,CCl,methyl,Cl,Br2,radical_source,polar_aprotic,low,other
3623,CCC(C)(C)Br,3°,Br,Cl2,radical_source,polar_protic,room_temp,other
3624,CCC(C)(C)I,3°,I,[OH-],strong_base,polar_aprotic,heat,E2
3625,CCC(C)(C)I,3°,I,CN-,strong_nucleophile,polar_protic,low,other
3626,CCBr,1°,Br,[OH-],strong_base,non_polar,room_temp,SN2
3627,CCC(C)(C)Br,3°,Br,I-,strong_nucleophile,polar_aprotic,low,other
3628,CCCCI,1°,I,CN-,strong_nucleophile,polar_protic,low,SN2
3629,CCCCl,1°,Cl,O,weak_nucleophile,polar_protic,low,SN2
3630,CCC(C)Cl,2°,Cl,O,weak_nucleophile,polar_protic,low,SN1
3631,CC(C)I,2°,I,Cl,acid,polar_aprotic,heat,other
3632,CCl,methyl,Cl,Br2,radical_source,polar_aprotic,low,other
3633,CCC(C)Cl,2°,Cl,Br2,radical_source,polar_aprotic,low,other
3634,CC(C)(C)Br,3°,Br,I-,strong_nucleophile,polar_aprotic,room_temp,other
3635,CC(C)(C)Br,3°,Br,CN-,strong_nucleophile,non_polar,heat,other
3636,CCCCl,1°,Cl,Br2,radical_source,polar_protic,room_temp,other
3637,CC(C)Br,2°,Br,RS-,strong_nucleophile,polar_protic,heat,other
3638,CI,methyl,I,I-,strong_nucleophile,polar_protic,room_temp,SN2
3639,BrC1CCCCC1,2°,Br,I-,strong_nucleophile,polar_protic,room_temp,other
3640,CCCCI,1°,I,Cl,acid,polar_aprotic,room_temp,other
3641,CC(C)(C)Br,3°,Br,RS-,strong_nucleophile,polar_aprotic,room_temp,other
3642,C=C(C)C,alkene,None,Br,acid,polar_aprotic,room_temp,electrophilic_addition
3643,CCBr,1°,Br,CN-,strong_nucleophile,polar_aprotic,low,SN2
3644,CC(C)Br,2°,Br,Cl2,radical_source,polar_aprotic,low,other
3645,CBr,methyl,Br,RS-,strong_nucleophile,polar_protic,room_temp,SN2
3646,CC(C)I,2°,I,Cl,acid,polar_aprotic,low,other
3647,CCCCI,1°,I,Br2,radical_source,polar_protic,low,other
3648,CC(C)C,alkane,None,Cl2,radical_source,polar_protic,room_temp,radical_substitution
3649,CC(C)I,2°,I,RS-,strong_nucleophile,non_polar,heat,other
3650,CCC(C)(C)I,3°,I,O,weak_nucleophile,polar_protic,room_temp,SN1
3651,CC(C)(C)Br,3°,Br,Br2,radical_source,polar_protic,low,other
3652,CC(C)I,2°,I,Cl,acid,polar_protic,heat,other
3653,CCBr,1°,Br,[OH-],strong_base,polar_protic,room_temp,SN2
3654,CC(C)CBr,1°,Br,CN-,strong_nucleophile,polar_protic,low,SN2
3655,CBr,methyl,Br,CN-,strong_nucleophile,non_polar,low,SN2
3656,CCCCI,1°,I,CO,weak_nucleophile,polar_protic,heat,SN2
3657,CC(C)(C)Cl,3°,Cl,Cl2,radical_source,non_polar,heat,other
3658,CC(C)Br,2°,Br,Cl,acid,polar_aprotic,low,other
3659,CC(C)(C)Cl,3°,Cl,Br2,radical_source,polar_aprotic,heat,other
3660,CCl,methyl,Cl,CO,weak_nucleophile,polar_aprotic,heat,SN2
3661,CCC(C)Cl,2°,Cl,I-,strong_nucleophile,polar_aprotic,low,SN2
3662,CC(C)CBr,1°,Br,CO,weak_nucleophile,polar_protic,room_temp,SN2
3663,CBr,methyl,Br,Cl,acid,non_polar,heat,other
3664,CBr,methyl,Br,O,weak_nucleophile,polar_aprotic,low,SN2
3665,CC(C)CBr,1°,Br,CO,weak_nucleophile,polar_aprotic,low,SN2
3666,CCC(C)(C)Br,3°,Br,I-,strong_nucleophile,polar_protic,room_temp,other
3667,CBr,methyl,Br,Br,acid,polar_aprotic,room_temp,other
3668,C=C(C)C,alkene,None,Cl2,radical_source,polar_protic,low,electrophilic_addition
3669,CCCCl,1°,Cl,Br2,radical_source,polar_aprotic,low,other
3670,CCC(C)(C)I,3°,I,[OH-],strong_base,polar_protic,low,E2
3671,C=CC,alkene,None,Br2,radical_source,non_polar,low,electrophilic_addition
3672,CCC(C)Cl,2°,Cl,Br,acid,polar_aprotic,heat,other
3673,CCC(C)(C)I,3°,I,Cl2,radical_source,polar_aprotic,room_temp,other
3674,CC(C)Br,2°,Br,RS-,strong_nucleophile,polar_aprotic,heat,SN2
3675,CC(C)(C)Br,3°,Br,RS-,strong_nucleophile,polar_protic,heat,other
3676,CCl,methyl,Cl,Br,acid,non_polar,low,other
3677,CCBr,1°,Br,I-,strong_nucleophile,polar_aprotic,low,SN2
3678,CC(C)(C)Cl,3°,Cl,RS-,strong_nucleophile,polar_protic,heat,other
3679,CCC(C)(C)Br,3°,Br,CO,weak_nucleophile,non_polar,room_temp,other
3680,CCBr,1°,Br,Cl,acid,polar_aprotic,heat,other
3681,CC(C)(C)Cl,3°,Cl,CN-,strong_nucleophile,non_polar,low,other
3682,CCCCI,1°,I,CO,weak_nucleophile,polar_aprotic,low,SN2
3683,CC(C)CBr,1°,Br,[OH-],strong_base,polar_protic,heat,SN2
3684,CCCCl,1°,Cl,Cl2,radical_source,polar_aprotic,heat,other
3685,BrC1CCCCC1,2°,Br,[OH-],strong_base,non_polar,heat,E2
3686,CC(C)(C)Br,3°,Br,Cl2,radical_source,polar_protic,low,other
3687,CBr,methyl,Br,RS-,strong_nucleophile,polar_protic,low,SN2
3688,C=CC,alkene,None,Br2,radical_source,non_polar,low,electrophilic_addition
3689,BrC1CCCCC1,2°,Br,Cl2,radical_source,polar_protic,room_temp,other
3690,CCBr,1°,Br,CN-,strong_nucleophile,polar_aprotic,heat,SN2
3691,CC(C)(C)Cl,3°,Cl,O,weak_nucleophile,non_polar,room_temp,other
3692,CI,methyl,I,Br2,radical_source,polar_protic,low,other
3693,CBr,methyl,Br,CO,weak_nucleophile,non_polar,heat,SN2
3694,CC(C)(C)Br,3°,Br,Cl2,radical_source,polar_protic,low,other
3695,CCCCl,1°,Cl,Br,acid,polar_protic,room_temp,other
3696,CC(C)I,2°,I,O,weak_nucleophile,polar_aprotic,heat,other
3697,CI,methyl,I,CC[O-],strong_base,non_polar,low,SN2
3698,CC(C)I,2°,I,CO,weak_nucleophile,non_polar,low,other
3699,CI,methyl,I,CO,weak_nucleophile,non_polar,low,SN2
3700,CBr,methyl,Br,Cl2,radical_source,polar_protic,low,other
3701,C=C,alkene,None,Br2,radical_source,polar_aprotic,heat,electrophilic_addition
3702,C=C,alkene,None,Cl,acid,non_polar,heat,electrophilic_addition
3703,CBr,methyl,Br,Cl2,radical_source,polar_aprotic,room_temp,other
3704,CC(C)CBr,1°,Br,I-,strong_nucleophile,polar_aprotic,heat,SN2
3705,CC(C)Br,2°,Br,O,weak_nucleophile,polar_protic,low,SN1
3706,CI,methyl,I,CC[O-],strong_base,polar_aprotic,room_temp,SN2
3707,C=CC,alkene,None,Cl2,radical_source,polar_aprotic,heat,electrophilic_addition
3708,CCCCl,1°,Cl,CN-,strong_nucleophile,non_polar,room_temp,SN2
3709,CC(C)CBr,1°,Br,Br2,radical_source,polar_aprotic,room_temp,other
3710,CCCCI,1°,I,[OH-],strong_base,polar_aprotic,room_temp,SN2
3711,CCl,methyl,Cl,CN-,strong_nucleophile,non_polar,room_temp,SN2
3712,CC(C)I,2°,I,Cl2,radical_source,polar_aprotic,room_temp,other
3713,CCCCI,1°,I,Cl2,radical_source,polar_aprotic,heat,other
3714,CBr,methyl,Br,[OH-],strong_base,polar_protic,heat,SN2
3715,CC(C)(C)Cl,3°,Cl,I-,strong_nucleophile,polar_aprotic,low,other
3716,CC(C)I,2°,I,Cl2,radical_source,non_polar,heat,other
3717,CCCCI,1°,I,I-,strong_nucleophile,polar_protic,heat,SN2
3718,CBr,methyl,Br,[OH-],strong_base,polar_protic,heat,SN2
3719,CBr,methyl,Br,Cl2,radical_source,non_polar,room_temp,other
3720,CCC(C)(C)Br,3°,Br,I-,strong_nucleophile,polar_protic,heat,other
3721,BrC1CCCCC1,2°,Br,Cl,acid,polar_aprotic,heat,other
3722,CCC(C)(C)Br,3°,Br,I-,strong_nucleophile,polar_protic,heat,other
3723,CCC(C)(C)Br,3°,Br,CO,weak_nucleophile,polar_protic,room_temp,SN1
3724,CCC(C)(C)Br,3°,Br,Br,acid,polar_protic,heat,other
3725,CCBr,1°,Br,Br2,radical_source,polar_aprotic,heat,other
3726,CCC(C)(C)I,3°,I,CC[O-],strong_base,polar_protic,heat,E2
3727,CC(C)CBr,1°,Br,Br,acid,polar_aprotic,heat,other
3728,CCC(C)Cl,2°,Cl,I-,strong_nucleophile,polar_aprotic,low,SN2
3729,CC(C)Br,2°,Br,CC[O-],strong_base,polar_protic,heat,E2
3730,CC(C)(C)Cl,3°,Cl,I-,strong_nucleophile,non_polar,heat,other
3731,CCCCl,1°,Cl,[OH-],strong_base,polar_aprotic,heat,SN2
3732,CCC(C)(C)Br,3°,Br,Br,acid,polar_protic,heat,other
3733,CI,methyl,I,O,weak_nucleophile,polar_protic,room_temp,SN2
3734,C=C,alkene,None,Br2,radical_source,polar_aprotic,low,electrophilic_addition
3735,CCCCl,1°,Cl,CN-,strong_nucleophile,polar_protic,heat,SN2
3736,CC(C)Br,2°,Br,RS-,strong_nucleophile,polar_protic,heat,other
3737,CCBr,1°,Br,Cl2,radical_source,non_polar,heat,other
3738,C=C,alkene,None,Cl,acid,polar_protic,heat,electrophilic_addition
3739,CC(C)(C)Br,3°,Br,Cl,acid,polar_protic,low,other
3740,CCCCI,1°,I,I-,strong_nucleophile,non_polar,room_temp,SN2
3741,CI,methyl,I,[OH-],strong_base,polar_protic,low,SN2
3742,CC(C)I,2°,I,RS-,strong_nucleophile,polar_aprotic,low,SN2
3743,CCl,methyl,Cl,RS-,strong_nucleophile,polar_aprotic,room_temp,SN2
3744,CCl,methyl,Cl,CO,weak_nucleophile,non_polar,heat,SN2
3745,CCC(C)(C)I,3°,I,CN-,strong_nucleophile,polar_protic,heat,other
3746,CCC(C)Cl,2°,Cl,CO,weak_nucleophile,polar_protic,low,SN1
3747,CC(C)CBr,1°,Br,CC[O-],strong_base,polar_protic,room_temp,SN2
3748,CCl,methyl,Cl,Cl,acid,polar_protic,low,other
3749,CC(C)(C)Br,3°,Br,Br2,radical_source,polar_protic,low,other
3750,CC(C)I,2°,I,RS-,strong_nucleophile,polar_aprotic,low,SN2
3751,CC(C)CBr,1°,Br,I-,strong_nucleophile,polar_aprotic,room_temp,SN2
3752,CCC(C)(C)Br,3°,Br,CC[O-],strong_base,non_polar,heat,E2
3753,CCC(C)(C)I,3°,I,[OH-],strong_base,non_polar,heat,E2
3754,CC(C)I,2°,I,CO,weak_nucleophile,polar_aprotic,heat,other
3755,CC(C)I,2°,I,I-,strong_nucleophile,polar_protic,heat,other
3756,CC(C)(C)Cl,3°,Cl,CC[O-],strong_base,non_polar,room_temp,E2
3757,CCCCl,1°,Cl,Br,acid,non_polar,heat,other
3758,CC(C)(C)Cl,3°,Cl,Cl2,radical_source,polar_aprotic,heat,other
3759,C=C(C)C,alkene,None,Cl2,radical_source,non_polar,low,electrophilic_addition
3760,CCC(C)(C)I,3°,I,[OH-],strong_base,polar_aprotic,room_temp,E2
3761,CCl,methyl,Cl,Cl2,radical_source,non_polar,low,other
3762,CBr,methyl,Br,Cl,acid,polar_aprotic,low,other
3763,CCBr,1°,Br,Cl,acid,non_polar,heat,other
3764,CCC,alkane,None,Cl2,radical_source,non_polar,heat,radical_substitution
3765,CC(C)I,2°,I,Br2,radical_source,polar_aprotic,room_temp,other
3766,CCCCI,1°,I,Br,acid,polar_aprotic,room_temp,other
3767,BrC1CCCCC1,2°,Br,I-,strong_nucleophile,polar_protic,room_temp,other
3768,CCCCl,1°,Cl,[OH-],strong_base,polar_aprotic,heat,SN2
3769,CC(C)(C)Cl,3°,Cl,CO,weak_nucleophile,polar_protic,low,SN1
3770,CC(C)CBr,1°,Br,[OH-],strong_base,polar_protic,heat,SN2
3771,BrC1CCCCC1,2°,Br,Cl2,radical_source,non_polar,room_temp,other
3772,CCC(C)Cl,2°,Cl,CO,weak_nucleophile,polar_protic,heat,SN1
3773,CC(C)CBr,1°,Br,Cl2,radical_source,polar_protic,room_temp,other
3774,CCC,alkane,None,Br2,radical_source,polar_protic,heat,radical_substitution
3775,CC(C)I,2°,I,Br,acid,polar_aprotic,room_temp,other
3776,CCC(C)Cl,2°,Cl,CC[O-],strong_base,non_polar,heat,E2
3777,CBr,methyl,Br,CN-,strong_nucleophile,non_polar,low,SN2
3778,CBr,methyl,Br,O,weak_nucleophile,non_polar,low,SN2
3779,CC(C)CBr,1°,Br,CC[O-],strong_base,polar_protic,low,SN2
3780,CCC(C)(C)Br,3°,Br,Br2,radical_source,non_polar,low,other
3781,CC(C)(C)Cl,3°,Cl,CO,weak_nucleophile,polar_aprotic,room_temp,other
3782,CC(C)I,2°,I,Br2,radical_source,non_polar,heat,other
3783,CCC(C)(C)I,3°,I,CN-,strong_nucleophile,polar_aprotic,room_temp,other
3784,CCl,methyl,Cl,Cl2,radical_source,polar_aprotic,heat,other
3785,C=CC,alkene,None,Cl,acid,polar_protic,heat,electrophilic_addition
3786,CC(C)Br,2°,Br,CC[O-],strong_base,polar_protic,heat,E2
3787,CCl,methyl,Cl,CN-,strong_nucleophile,polar_aprotic,room_temp,SN2
3788,CCl,methyl,Cl,CO,weak_nucleophile,polar_aprotic,low,SN2
3789,CBr,methyl,Br,I-,strong_nucleophile,polar_aprotic,room_temp,SN2
3790,CCC(C)(C)I,3°,I,Br,acid,polar_protic,room_temp,other
3791,CCCCl,1°,Cl,RS-,strong_nucleophile,non_polar,heat,SN2
3792,CCC(C)Cl,2°,Cl,CO,weak_nucleophile,polar_protic,heat,SN1
3793,CCC(C)(C)I,3°,I,CN-,strong_nucleophile,polar_protic,low,other
3794,CC(C)(C)Cl,3°,Cl,RS-,strong_nucleophile,polar_protic,heat,other
3795,CCCCI,1°,I,[OH-],strong_base,polar_protic,low,SN2
3796,CC(C)CBr,1°,Br,I-,strong_nucleophile,non_polar,low,SN2
3797,CC(C)Br,2°,Br,RS-,strong_nucleophile,polar_aprotic,room_temp,SN2
3798,CC(C)CBr,1°,Br,CO,weak_nucleophile,polar_protic,heat,SN2
3799,CC(C)(C)Br,3°,Br,Br,acid,non_polar,room_temp,other
3800,C=C,alkene,None,Cl,acid,polar_protic,heat,electrophilic_addition
3801,C=C,alkene,None,Br2,radical_source,non_polar,heat,electrophilic_addition
3802,CC(C)CBr,1°,Br,O,weak_nucleophile,polar_aprotic,room_temp,SN2
3803,CBr,methyl,Br,I-,strong_nucleophile,polar_aprotic,heat,SN2
3804,CC(C)(C)Cl,3°,Cl,Cl,acid,polar_protic,room_temp,other
3805,CC(C)I,2°,I,RS-,strong_nucleophile,non_polar,low,other
3806,CCBr,1°,Br,Br2,radical_source,polar_protic,low,other
3807,CI,methyl,I,Cl,acid,polar_aprotic,room_temp,other
3808,CCBr,1°,Br,Br2,radical_source,polar_aprotic,room_temp,other
3809,CCCCl,1°,Cl,CC[O-],strong_base,polar_protic,low,SN2
3810,CCC(C)(C)I,3°,I,Br,acid,polar_aprotic,heat,other
3811,CCC(C)(C)Br,3°,Br,Cl,acid,polar_aprotic,room_temp,other
3812,CCBr,1°,Br,[OH-],strong_base,polar_aprotic,low,SN2
3813,CCC(C)(C)I,3°,I,CO,weak_nucleophile,polar_aprotic,heat,other
3814,C=C(C)C,alkene,None,Cl,acid,polar_protic,room_temp,electrophilic_addition
3815,CCC(C)Cl,2°,Cl,Cl,acid,polar_aprotic,low,other
3816,CCC(C)(C)I,3°,I,CO,weak_nucleophile,polar_protic,heat,E1
3817,CC(C)(C)Cl,3°,Cl,Cl,acid,polar_aprotic,low,other
3818,CCCCI,1°,I,CN-,strong_nucleophile,polar_protic,low,SN2
3819,C1CCCCC1,alkane,None,Br2,radical_source,non_polar,heat,radical_substitution
3820,CCCCl,1°,Cl,CO,weak_nucleophile,polar_aprotic,low,SN2
3821,CI,methyl,I,Cl,acid,polar_protic,low,other
3822,CC(C)I,2°,I,Br2,radical_source,polar_protic,heat,other
3823,CC(C)(C)Br,3°,Br,Br2,radical_source,polar_protic,heat,other
3824,C1CCCCC1,alkane,None,Br2,radical_source,polar_protic,room_temp,radical_substitution
3825,CI,methyl,I,CO,weak_nucleophile,non_polar,heat,SN2
3826,C=C(C)C,alkene,None,Br,acid,polar_protic,heat,electrophilic_addition
3827,BrC1CCCCC1,2°,Br,Cl,acid,non_polar,room_temp,other
3828,CCC(C)(C)I,3°,I,Cl,acid,polar_protic,low,other
3829,CC(C)Br,2°,Br,Cl2,radical_source,polar_aprotic,heat,other
3830,CCl,methyl,Cl,CO,weak_nucleophile,non_polar,room_temp,SN2
3831,CCCCl,1°,Cl,Cl2,radical_source,non_polar,low,other
3832,CCl,methyl,Cl,CO,weak_nucleophile,polar_protic,room_temp,SN2
3833,CC(C)I,2°,I,CO,weak_nucleophile,polar_aprotic,heat,other
3834,CC(C)CBr,1°,Br,CN-,strong_nucleophile,polar_protic,heat,SN2
3835,CCCCl,1°,Cl,CN-,strong_nucleophile,non_polar,heat,SN2
3836,CCCCl,1°,Cl,CC[O-],strong_base,polar_aprotic,low,SN2
3837,CI,methyl,I,I-,strong_nucleophile,polar_protic,heat,SN2
3838,CCC(C)(C)I,3°,I,Cl,acid,polar_protic,room_temp,other
3839,CCCCl,1°,Cl,RS-,strong_nucleophile,polar_protic,heat,SN2
3840,CCC(C)Cl,2°,Cl,Br,acid,polar_aprotic,heat,other
3841,CC(C)I,2°,I,Cl2,radical_source,polar_protic,low,other
3842,CC(C)CBr,1°,Br,Br,acid,polar_aprotic,room_temp,other
3843,C=C,alkene,None,Cl2,radical_source,non_polar,room_temp,electrophilic_addition
3844,CCCCl,1°,Cl,Cl,acid,polar_protic,heat,other
3845,BrC1CCCCC1,2°,Br,CO,weak_nucleophile,polar_protic,low,SN1
3846,CC(C)(C)Br,3°,Br,Br2,radical_source,polar_aprotic,room_temp,other
3847,CCl,methyl,Cl,[OH-],strong_base,polar_protic,low,SN2
3848,CCCCl,1°,Cl,Br2,radical_source,polar_protic,room_temp,other
3849,CCC(C)Cl,2°,Cl,Cl2,radical_source,non_polar,low,other
3850,CC(C)Br,2°,Br,Cl2,radical_source,polar_protic,room_temp,other
3851,CBr,methyl,Br,[OH-],strong_base,polar_aprotic,room_temp,SN2
3852,CCC(C)(C)I,3°,I,CO,weak_nucleophile,non_polar,heat,other
3853,CC(C)C,alkane,None,Br2,radical_source,polar_protic,room_temp,radical_substitution
3854,CCCCl,1°,Cl,CN-,strong_nucleophile,polar_aprotic,room_temp,SN2
3855,CC(C)(C)Cl,3°,Cl,I-,strong_nucleophile,non_polar,heat,other
3856,CCC(C)(C)Br,3°,Br,CN-,strong_nucleophile,non_polar,low,other
3857,CC(C)Br,2°,Br,CN-,strong_nucleophile,polar_protic,low,other
3858,C=C(C)C,alkene,None,Br,acid,polar_aprotic,heat,electrophilic_addition
3859,CBr,methyl,Br,Cl2,radical_source,polar_aprotic,low,other
3860,C=C,alkene,None,Cl,acid,polar_aprotic,room_temp,electrophilic_addition
3861,CCC(C)(C)Br,3°,Br,Br,acid,polar_aprotic,heat,other
3862,CC(C)Br,2°,Br,Cl,acid,non_polar,room_temp,other
3863,CCC(C)Cl,2°,Cl,RS-,strong_nucleophile,polar_aprotic,low,SN2
3864,CCCCl,1°,Cl,I-,strong_nucleophile,polar_protic,heat,SN2
3865,CCl,methyl,Cl,Cl2,radical_source,non_polar,heat,other
3866,C=CC,alkene,None,Cl2,radical_source,polar_protic,room_temp,electrophilic_addition
3867,C=C,alkene,None,Br,acid,non_polar,low,electrophilic_addition
3868,CC(C)Br,2°,Br,Br,acid,polar_protic,room_temp,other
3869,CI,methyl,I,Cl,acid,polar_aprotic,low,other
3870,CC(C)Br,2°,Br,Cl2,radical_source,polar_protic,heat,other
3871,CI,methyl,I,Cl,acid,polar_aprotic,low,other
3872,CC(C)(C)Cl,3°,Cl,Br,acid,polar_aprotic,low,other
3873,CCC(C)Cl,2°,Cl,I-,strong_nucleophile,polar_protic,low,other
3874,CBr,methyl,Br,Cl,acid,polar_aprotic,room_temp,other
3875,BrC1CCCCC1,2°,Br,Br,acid,polar_aprotic,room_temp,other
3876,CI,methyl,I,Cl,acid,non_polar,room_temp,other
3877,CCl,methyl,Cl,Cl,acid,polar_aprotic,room_temp,other
3878,CC(C)I,2°,I,CC[O-],strong_base,polar_protic,room_temp,other
3879,CCBr,1°,Br,CN-,strong_nucleophile,polar_aprotic,room_temp,SN2
3880,CCC(C)Cl,2°,Cl,Cl,acid,non_polar,room_temp,other
3881,CC(C)I,2°,I,CN-,strong_nucleophile,polar_protic,low,other
3882,C=C,alkene,None,Br,acid,polar_protic,low,electrophilic_addition
3883,CCCCl,1°,Cl,[OH-],strong_base,polar_aprotic,room_temp,SN2
3884,CCl,methyl,Cl,Cl2,radical_source,polar_protic,heat,other
3885,CC(C)Br,2°,Br,[OH-],strong_base,non_polar,heat,E2
3886,BrC1CCCCC1,2°,Br,O,weak_nucleophile,non_polar,low,other
3887,CCC(C)Cl,2°,Cl,O,weak_nucleophile,non_polar,low,other
3888,CCC(C)(C)Br,3°,Br,CO,weak_nucleophile,polar_aprotic,heat,other
3889,CCCCI,1°,I,[OH-],strong_base,polar_aprotic,low,SN2
3890,CC(C)Br,2°,Br,Cl2,radical_source,polar_aprotic,heat,other
3891,CCC(C)(C)I,3°,I,Br,acid,non_polar,heat,other
3892,CC(C)Br,2°,Br,CN-,strong_nucleophile,non_polar,room_temp,other
3893,CC(C)(C)Cl,3°,Cl,CN-,strong_nucleophile,polar_aprotic,heat,other
3894,CC(C)I,2°,I,Br2,radical_source,polar_protic,heat,other
3895,CCC,alkane,None,Br2,radical_source,polar_protic,heat,radical_substitution
3896,C=C(C)C,alkene,None,Br,acid,polar_aprotic,room_temp,electrophilic_addition
3897,CC(C)CBr,1°,Br,Br,acid,polar_aprotic,room_temp,other
3898,CCCCl,1°,Cl,CO,weak_nucleophile,polar_aprotic,room_temp,SN2
3899,CCl,methyl,Cl,[OH-],strong_base,non_polar,low,SN2
3900,CBr,methyl,Br,Br,acid,polar_protic,room_temp,other
3901,CBr,methyl,Br,O,weak_nucleophile,non_polar,heat,SN2
3902,CCBr,1°,Br,CC[O-],strong_base,polar_protic,low,SN2
3903,CCl,methyl,Cl,Cl2,radical_source,polar_aprotic,heat,other
3904,CCCCI,1°,I,Cl,acid,polar_protic,heat,other
3905,CC(C)(C)Cl,3°,Cl,Br2,radical_source,non_polar,room_temp,other
3906,CCC(C)(C)Br,3°,Br,CC[O-],strong_base,polar_aprotic,low,E2
3907,CC(C)I,2°,I,CO,weak_nucleophile,polar_protic,heat,SN1
3908,C=C,alkene,None,Cl,acid,polar_protic,low,electrophilic_addition
3909,BrC1CCCCC1,2°,Br,[OH-],strong_base,polar_aprotic,low,other
3910,CCCCl,1°,Cl,I-,strong_nucleophile,polar_protic,heat,SN2
3911,CCBr,1°,Br,CO,weak_nucleophile,non_polar,low,SN2
3912,CCC(C)Cl,2°,Cl,Br,acid,polar_protic,low,other
3913,CCCCl,1°,Cl,[OH-],strong_base,non_polar,low,SN2
3914,CCCCI,1°,I,CN-,strong_nucleophile,non_polar,room_temp,SN2
3915,CCC(C)(C)I,3°,I,CC[O-],strong_base,polar_aprotic,room_temp,E2
3916,CC(C)I,2°,I,Cl,acid,polar_aprotic,heat,other
3917,BrC1CCCCC1,2°,Br,CO,weak_nucleophile,polar_protic,room_temp,SN1
3918,CCC(C)Cl,2°,Cl,CC[O-],strong_base,non_polar,low,other
3919,CC(C)I,2°,I,Br2,radical_source,non_polar,low,other
3920,CC(C)(C)Cl,3°,Cl,Cl2,radical_source,polar_aprotic,heat,other
3921,CCCCl,1°,Cl,CN-,strong_nucleophile,polar_aprotic,heat,SN2
3922,CCC(C)(C)Br,3°,Br,CN-,strong_nucleophile,polar_aprotic,low,other
3923,CC(C)I,2°,I,Br2,radical_source,polar_aprotic,low,other
3924,CI,methyl,I,CO,weak_nucleophile,polar_aprotic,low,SN2
3925,CC(C)Br,2°,Br,RS-,strong_nucleophile,polar_aprotic,low,SN2
3926,CC(C)I,2°,I,Br2,radical_source,non_polar,heat,other
3927,CCC(C)(C)Br,3°,Br,[OH-],strong_base,polar_protic,heat,E2
3928,CCl,methyl,Cl,O,weak_nucleophile,polar_aprotic,low,SN2
3929,CI,methyl,I,Cl2,radical_source,polar_protic,heat,other
3930,CC(C)(C)Br,3°,Br,Br,acid,polar_protic,room_temp,other
3931,C=CC,alkene,None,Br2,radical_source,polar_aprotic,room_temp,electrophilic_addition
3932,CCl,methyl,Cl,CO,weak_nucleophile,non_polar,low,SN2
3933,CBr,methyl,Br,RS-,strong_nucleophile,polar_protic,low,SN2
3934,CI,methyl,I,CN-,strong_nucleophile,polar_protic,heat,SN2
3935,CC(C)(C)Br,3°,Br,Br,acid,non_polar,room_temp,other
3936,CCCCI,1°,I,Cl,acid,polar_aprotic,room_temp,other
3937,CC(C)(C)Cl,3°,Cl,I-,strong_nucleophile,polar_aprotic,low,other
3938,CBr,methyl,Br,CN-,strong_nucleophile,polar_protic,room_temp,SN2
3939,C=C(C)C,alkene,None,Br,acid,non_polar,heat,electrophilic_addition
3940,CCCCl,1°,Cl,CN-,strong_nucleophile,polar_aprotic,room_temp,SN2
3941,CC(C)(C)Cl,3°,Cl,I-,strong_nucleophile,polar_aprotic,low,other
3942,CCCCI,1°,I,Br2,radical_source,non_polar,heat,other
3943,CC(C)(C)Cl,3°,Cl,CC[O-],strong_base,non_polar,low,E2
3944,CCBr,1°,Br,CN-,strong_nucleophile,polar_protic,room_temp,SN2
3945,CCl,methyl,Cl,I-,strong_nucleophile,polar_protic,heat,SN2
3946,CCCCl,1°,Cl,RS-,strong_nucleophile,polar_aprotic,room_temp,SN2
3947,CCBr,1°,Br,I-,strong_nucleophile,polar_aprotic,room_temp,SN2
3948,CC(C)(C)Cl,3°,Cl,CN-,strong_nucleophile,non_polar,room_temp,other
3949,CCC(C)(C)Br,3°,Br,O,weak_nucleophile,polar_aprotic,room_temp,other
3950,CCC(C)(C)I,3°,I,CC[O-],strong_base,polar_aprotic,heat,E2
3951,CCCCI,1°,I,CN-,strong_nucleophile,polar_aprotic,heat,SN2
3952,CCCCI,1°,I,O,weak_nucleophile,polar_protic,room_temp,SN2
3953,CC(C)(C)Br,3°,Br,I-,strong_nucleophile,polar_aprotic,heat,other
3954,CC(C)CBr,1°,Br,Cl,acid,polar_aprotic,heat,other
3955,CBr,methyl,Br,Br2,radical_source,polar_aprotic,room_temp,other
3956,CCl,methyl,Cl,CO,weak_nucleophile,polar_aprotic,low,SN2
3957,CCC(C)(C)Br,3°,Br,RS-,strong_nucleophile,polar_aprotic,low,other
3958,CCl,methyl,Cl,Cl2,radical_source,non_polar,low,other
3959,CC(C)I,2°,I,Br,acid,polar_aprotic,room_temp,other
3960,CCl,methyl,Cl,Cl2,radical_source,non_polar,heat,other
3961,CC(C)I,2°,I,RS-,strong_nucleophile,polar_aprotic,low,SN2
3962,CC(C)CBr,1°,Br,[OH-],strong_base,polar_aprotic,room_temp,SN2
3963,CC(C)(C)Cl,3°,Cl,Br,acid,non_polar,heat,other
3964,CC(C)CBr,1°,Br,RS-,strong_nucleophile,polar_protic,heat,SN2
3965,BrC1CCCCC1,2°,Br,CC[O-],strong_base,polar_protic,low,other
3966,C=C(C)C,alkene,None,Cl,acid,non_polar,room_temp,electrophilic_addition
3967,CC(C)(C)Cl,3°,Cl,Br2,radical_source,polar_protic,room_temp,other
3968,BrC1CCCCC1,2°,Br,CC[O-],strong_base,polar_protic,heat,E2
3969,CC(C)CBr,1°,Br,Cl2,radical_source,polar_aprotic,heat,other
3970,CC(C)I,2°,I,Br,acid,polar_protic,low,other
3971,CC(C)(C)Cl,3°,Cl,CN-,strong_nucleophile,polar_protic,room_temp,other
3972,CI,methyl,I,CO,weak_nucleophile,polar_aprotic,room_temp,SN2
3973,CCBr,1°,Br,Cl,acid,polar_aprotic,low,other
3974,CC(C)Br,2°,Br,Br2,radical_source,polar_protic,room_temp,other
3975,CCl,methyl,Cl,CN-,strong_nucleophile,non_polar,low,SN2
3976,BrC1CCCCC1,2°,Br,CO,weak_nucleophile,polar_aprotic,room_temp,other
3977,CCl,methyl,Cl,I-,strong_nucleophile,polar_aprotic,room_temp,SN2
3978,CBr,methyl,Br,RS-,strong_nucleophile,polar_protic,room_temp,SN2
3979,CCl,methyl,Cl,[OH-],strong_base,non_polar,room_temp,SN2
3980,C1CCCCC1,alkane,None,Cl2,radical_source,polar_protic,room_temp,radical_substitution
3981,CC(C)Br,2°,Br,Cl2,radical_source,polar_protic,room_temp,other
3982,CCC(C)Cl,2°,Cl,I-,strong_nucleophile,polar_aprotic,low,SN2
3983,CC(C)I,2°,I,[OH-],strong_base,polar_protic,room_temp,other
3984,CCl,methyl,Cl,Br,acid,non_polar,room_temp,other
3985,CC(C)CBr,1°,Br,Br2,radical_source,polar_protic,heat,other
3986,CC(C)I,2°,I,CC[O-],strong_base,polar_protic,room_temp,other
3987,CC(C)(C)Cl,3°,Cl,O,weak_nucleophile,polar_protic,room_temp,SN1
3988,CCBr,1°,Br,Cl,acid,polar_protic,room_temp,other
3989,C=C(C)C,alkene,None,Br2,radical_source,polar_aprotic,heat,electrophilic_addition
3990,CC(C)(C)Cl,3°,Cl,Cl2,radical_source,polar_aprotic,low,other
3991,CC(C)Br,2°,Br,Br,acid,polar_aprotic,low,other
3992,BrC1CCCCC1,2°,Br,[OH-],strong_base,polar_protic,room_temp,other
3993,CI,methyl,I,Cl2,radical_source,polar_protic,heat,other
3994,CCC(C)(C)Br,3°,Br,Cl2,radical_source,polar_aprotic,room_temp,other
3995,CCC(C)(C)Br,3°,Br,O,weak_nucleophile,polar_protic,low,SN1
3996,BrC1CCCCC1,2°,Br,RS-,strong_nucleophile,non_polar,low,other
3997,CCC(C)Cl,2°,Cl,Cl,acid,polar_aprotic,room_temp,other
3998,CC(C)(C)Cl,3°,Cl,Br,acid,polar_aprotic,room_temp,other
3999,CCBr,1°,Br,RS-,strong_nucleophile,polar_aprotic,low,SN2
4000,CC(C)(C)Br,3°,Br,CN-,strong_nucleophile,non_polar,low,other
